timestamp,id,vote
1689784173090,D5-rXHhEfwE,1
1689784982061,A3yVQyfWhWY,4
1689785048720,ft84CtqwReI,5
1689809272925,F2WwjUaWJ9k,3
1689809787475,bKM4-OpUapg,5
1689850311576,15dxUoMORSM,1
1689850337917,DydYvdNEtS0,4
1689850599725,-FXh2dNGLvU,5
1689850678501,q4A-CosM5rk,2
1689850880341,U5Yt9zAfyjU,2
1689850912655,MtIBgnn9RmM,2
1689851048540,qguECNF2Olo,2
1689851051878,vE3qW7f80Ig,2
1689851140712,Wf92bipxUWA,5
1689851148669,Y6kx2kLN1Bc,3
1689851211526,ltdLTcHyJc0,4
1689851252939,Lclr9JIai7Y,3
1689851264261,MEN8KfYP9BQ,3
1689851275591,fLbwNYx_eAU,4
1689851327807,nuiikTOUFug,3
1689851416451,N8BPDt4xJ_Y,2
1689851422432,S2gxR4_hehQ,5
1689851434851,Sfi4fVkONps,4
1689851444346,NAKUf50OnKM,4
1689851450685,Sc6BXXHHsEc,2
1689851456277,7d9UXLZ4jl8,3
1689851457860,3fnsqZYhHiI,1
1689851463025,Aya1RB8faLE,2
1689851474225,MQCBfZEiAJc,4
1689851486265,V_s7ya8IHr0,2
1689851494729,fHCu5u0qIDs,2
1689851496444,Mf4Ry-MmVFo,5
1689851499653,nk6nxXRpP4Y,3
1689851545592,VMNJMJew2mA,4
1689851550480,LUas8jstGgc,3
1689851555175,941ofE5p0z4,4
1689851565961,38pV-QMkZNI,4
1689851575222,wkroxERwjsE,4
1689851585741,1w_hSZcJjUI,3
1689851586121,tvvjQw3Df4Y,4
1689851594190,lO_bBMNe8DQ,4
1689851605034,ZfCoHMOaN88,4
1689851623601,4dNOXYgCKLs,5
1689851628392,eBDohJ6G8jc,5
1689851636198,pR2CxfEU5-I,5
1689851638428,XM8ObJvxMDc,4
1689851643373,p5rktLMXxGQ,5
1689851645264,eA_GCLaCpQI,3
1689851660163,GuqPqxCNCIE,5
1689851667814,Npw76CUEJDU,4
1689851678877,m1TrQ9Okua0,4
1689851688509,iiRte8nw9ig,2
1689851688836,ZNRyJ3Xc6AA,4
1689851696311,C9HcjDVL8CA,5
1689851708561,065FETJaFaw,3
1689851710130,E6wFN9t78Yg,2
1689851718594,c2XNeki67Vs,4
1689851746517,UTYHL2PxooM,1
1689851753590,UUuyPHRiYqw,5
1689851763474,DAzAcTg1VOQ,4
1689851771480,BvpxSyohXIs,5
1689851777905,YCG-YXWfCps,5
1689851805961,LSEiwTQW0KM,5
1689851860931,GWZA_9EY-Gw,5
1689851901402,zNzlAbrWU7c,4
1689851925042,f3pF7tlh_SA,5
1689851935099,sQ0-q49AG78,5
1689851939274,1W7VkuBl8A4,4
1689851958852,NO8UCGCojBE,3
1689851959503,jJFbQZ860A4,5
1689851969687,XcqvqRpCI6k,4
1689851976809,oKVHDQLW-MA,5
1689851981884,mbnkbb4G7uc,5
1689851987318,krRG1-ggqwQ,4
1689851997914,LMW2y031rkE,5
1689852003729,1aqHUEn1oB0,3
1689852015359,W9EGExGqXXQ,4
1689852026384,38pV-QMkZNI,5
1689852036421,ZrL4NWvH4Us,2
1689852046541,VBVzlfoNuWo,4
1689852052895,2y2OM1qd6S0,5
1689852061164,EGshyPhSZmo,4
1689852071937,DToxxw65qss,3
1689852078082,15dxUoMORSM,4
1689852086690,uMFaC59QjRY,3
1689852111561,dCd-TP0GExM,3
1689852117659,j7VpAxQpk7g,4
1689852143727,DTwgzprCCY4,5
1689852169097,_iI3YdeGJlQ,3
1689852202918,ijvT-tYCEj4,3
1689852215993,RY351Hx46zI,5
1689852232363,ltdLTcHyJc0,4
1689852242669,TQkJkU7yFCo,4
1689852248964,nk6nxXRpP4Y,5
1689852254520,bKM4-OpUapg,2
1689852311331,V_s7ya8IHr0,4
1689852319702,vEOFs3D7c90,3
1689852327228,5XBmyVMaKoQ,5
1689852336789,iRZ-Xn4BVt8,5
1689852369961,NjlJGAD79do,4
1689852386648,N-fD91aUK3c,3
1689852395383,iOIRXp44sjw,5
1689852480425,wcNvp4V12gU,3
1689852571315,OstxUz7jhj0,3
1689852621078,9rhqEBHzGNM,4
1689852636951,HVbg9R1LKYg,5
1689852664326,TnVNJYnYgBg,4
1689852701981,Pm0W_PtrNic,2
1689852780564,VxiSlQ5NczE,5
1689852826741,7n8EL1MSKTU,2
1689853051283,MThxmascVCQ,5
1689853069791,09ZsRZAItdg,4
1689853210701,bFCDn7FIe2U,4
1689853430713,0b2QUsBZE-0,3
1689853539001,IJNsQPz-sEY,2
1689853592328,8V5sEzLTw48,4
1689853607070,_gOskPm68s4,2
1689853685353,6yvE6uUtTjs,2
1689853747841,kfDVoUWVbFI,4
1689853768689,v5JmxW6SnRE,3
1689853965340,YM56qXCrhG8,3
1689854023481,oGlZgxbmUYY,5
1689854236937,Dw4oPsKlZcA,3
1689854277610,c2XNeki67Vs,2
1689854356708,MEN8KfYP9BQ,2
1689854428509,kfDVoUWVbFI,4
1689854436703,9rhqEBHzGNM,4
1689854454409,Gx2XAGhccc0,2
1689854624698,fXkhFwk7nVw,2
1689854659645,n74ttx674pI,3
1689854798653,1gYhQ2xXxrM,3
1689854818469,RN6GQCLHpWY,4
1689854825737,bUixwQnXCEQ,4
1689854909190,LSEiwTQW0KM,3
1689855001429,Lclr9JIai7Y,3
1689855034546,Re0oT0W4tg0,3
1689855045257,jJPmhXbgqpo,2
1689855088114,WSv7jib1UoY,3
1689855144045,NnkfZNrkbX8,3
1689855193994,LUas8jstGgc,1
1689855337453,Q5HIVoCZ7NE,2
1689855366111,DpJMfcE6vmk,2
1689855383065,LDR8u9sGxfU,2
1689855432122,VEqI0o_Gk1A,2
1689855487215,DQQOQ4L9vKI,3
1689855509176,JhEJa23tDRQ,2
1689855538978,N3x3Qr0_5dY,3
1689855589802,81aVY3o9sBE,2
1689855686054,A3yVQyfWhWY,3
1689855710916,U9iFZMzxVWw,2
1689855716088,zNzlAbrWU7c,2
1689855742185,-FXh2dNGLvU,3
1689855794567,W9EGExGqXXQ,2
1689855967652,oxE46RgCyaY,3
1689856015335,6zVY7THnqBU,2
1689856033905,WdWAP0nIVvo,4
1689856049837,pLXEPkDKrAg,2
1689856072172,yCpq0nny1tw,3
1689856118861,HeLB5TjNWb8,2
1689856118968,hQfm1Sf8ZN0,2
1689856168513,cqFm_H3omJE,2
1689856178646,WvnUtw4OcsU,2
1689856193776,Fy_86XuWcNM,2
1689856267533,ADjuaiUfeQE,3
1689856282795,ZagD0lftHlo,3
1689856301934,uF-vQqNhQXk,2
1689856374677,qguECNF2Olo,1
1689856534007,6sQDRBdKNSY,4
1689856790300,TQkJkU7yFCo,3
1689856833000,WdWAP0nIVvo,3
1689857015313,nx4sNfpt9Yc,4
1689857128662,e9-zkvpTtWQ,3
1689857181421,LZK9OYYc-tM,3
1689857206564,D0LkqvWeJtQ,4
1689857208303,MtIBgnn9RmM,4
1689857228606,1S8Qls8mA_E,2
1689857249762,sRtsNyXD9bo,3
1689857276504,38pV-QMkZNI,4
1689857277680,dNP_YdBfZW4,4
1689857308786,0HW39lOedkM,4
1689857321062,iOIRXp44sjw,3
1689857376850,nBm-Wg6LRto,3
1689857377117,YbdnbtJsyqs,3
1689857384773,3c4TAws0iKE,3
1689857407335,scKJtwJoozU,4
1689857409754,NnkfZNrkbX8,3
1689857414932,D5-rXHhEfwE,5
1689857435945,l-Ig8iRHRbg,3
1689857442766,1W7VkuBl8A4,3
1689857478439,f2nH9UHudcE,4
1689857517679,J7LulpNbDpk,4
1689857814797,g9UN8HAYTBg,4
1689857836904,AoVqHwHOm6Y,3
1689858204860,eBDohJ6G8jc,4
1689858273006,oMC5cU85Aj0,4
1689858344849,KXjgB-9KaAM,3
1689858358561,iiRte8nw9ig,4
1689858358600,vClDUfrhFAk,2
1689858360517,epTI19zbw6U,2
1689858366989,7n8EL1MSKTU,3
1689858372014,0SJyrpwlViU,5
1689858382671,um0DjSdWJTk,2
1689858400434,G5K70nCGtxU,2
1689858401449,E6wFN9t78Yg,4
1689858402485,WSv7jib1UoY,2
1689858405159,C7Vm2t3ksbY,3
1689858409812,trnfyj6_cl0,3
1689858415348,UUuyPHRiYqw,2
1689858419588,v5JmxW6SnRE,3
1689858423340,s6zW0-X8IJU,3
1689858425079,AlIE34Q9j1o,5
1689858426993,313YHO1HjuU,3
1689858432256,nk6nxXRpP4Y,3
1689858433042,n4iXSGm4gH8,4
1689858436750,E6SPoFLZPo4,2
1689858440462,sJGexnkMC98,2
1689858443402,jiLAE10-12s,1
1689858444480,nBm-Wg6LRto,3
1689858446123,7n8EL1MSKTU,2
1689858448907,DydYvdNEtS0,2
1689858451315,4s33UskuwgI,3
1689858452695,Fy_nXJrl9ng,2
1689858458325,vE3qW7f80Ig,2
1689858463619,gV2KLC-8dps,4
1689858466471,fxMZG6ouE8s,5
1689858468379,T-kv7E8xA2s,2
1689858472049,bleuyUldr60,2
1689858472689,bleuyUldr60,2
1689858476896,cfJMt5Q97dA,4
1689858477333,bhz16QzG48Y,2
1689858486105,wSgTkywDG-Q,5
1689858486912,q4A-CosM5rk,3
1689858492266,UTYHL2PxooM,2
1689858497237,xQxb46BBdXk,3
1689858497638,dNNh9Ebb5Mw,1
1689858500057,tkhkaRCmbGI,5
1689858502095,DQQOQ4L9vKI,1
1689858507517,fNcuNVIkaM4,1
1689858510407,941ofE5p0z4,1
1689858513248,FGjPztNfDAs,2
1689858514529,T-kv7E8xA2s,1
1689858516832,OstxUz7jhj0,4
1689858518795,2kdUFlFtaRQ,1
1689858519745,M9WbfisskyQ,4
1689858523228,A3yVQyfWhWY,2
1689858523235,-TO2lP0Fs9M,1
1689858527034,_Zsnfggc-nk,1
1689858527630,uPDkn8aW3IU,5
1689858538996,0HW39lOedkM,4
1689858539896,ijvT-tYCEj4,4
1689858540296,sq1jgpl2bnI,1
1689858544873,0Ky6PfExoY8,3
1689858547865,S2ADqCuQHyA,1
1689858549206,pFryA-eoKjo,3
1689858551134,bUixwQnXCEQ,3
1689858553930,BvpxSyohXIs,3
1689858560421,ysPdENXdTIY,2
1689858565091,8MdgaUMx6x4,5
1689858568218,XcO9nLJHZ9o,3
1689858571479,z_pNGhUKz78,5
1689858575377,DAzAcTg1VOQ,1
1689858579707,TD0Gcz3Cmfc,2
1689858580442,l-Ig8iRHRbg,5
1689858581465,xEiZdS1HD80,3
1689858583104,NcF_Onpo0ug,4
1689858587884,nk6nxXRpP4Y,4
1689858592852,mtX3vs-52vE,5
1689858593370,E6SPoFLZPo4,2
1689858594935,RoT9gRvUKTA,5
1689858597164,3c4TAws0iKE,1
1689858600047,n74ttx674pI,3
1689858601965,jJPmhXbgqpo,2
1689858603153,WhWqSt5vvSE,3
1689858603201,dObQiZ9OX7w,4
1689858606586,yalyJMRylUQ,5
1689858608299,4i1nEd2Iobg,2
1689858608501,oMC5cU85Aj0,2
1689858611476,eBDohJ6G8jc,3
1689858617237,N4SFxyGxR3s,2
1689858618253,1DQYXIAfiWg,3
1689858618315,0HW39lOedkM,4
1689858622218,wga2FeP4niU,4
1689858622830,1aqHUEn1oB0,2
1689858624373,7n8EL1MSKTU,3
1689858624894,yxJ0CPskfp0,3
1689858633194,1w_hSZcJjUI,3
1689858634403,ot3dcx-39M0,2
1689858637427,Q5HIVoCZ7NE,2
1689858643648,GAptamO4c80,3
1689858644239,3o8b_iGsDTI,2
1689858644392,qguECNF2Olo,3
1689858647341,sLEmSq0YzfY,3
1689858647525,HtwhoQF3mu4,5
1689858650996,z2afFNPwuNs,5
1689858656090,qGQOa_Hf1K8,5
1689858658709,vT8QiHm7nvU,3
1689858666636,A6t71XEw-eE,3
1689858669068,DvGkHfBm1uI,4
1689858670769,qQW21p1mtqI,3
1689858670929,iRZ-Xn4BVt8,3
1689858672739,-TO2lP0Fs9M,4
1689858674028,XayIFBSoW4Q,2
1689858675607,ZY9B6LtWtxk,4
1689858678903,FJeoJDCUlRo,4
1689858682125,kF1XPnnkUQc,2
1689858683219,6__vz4AMQSs,3
1689858685411,WhWqSt5vvSE,4
1689858689077,V8f0r-q-1rc,5
1689858689556,2-HO8MIew8g,4
1689858691376,TNFrgNd5Xew,3
1689858691996,sq1jgpl2bnI,2
1689858694226,zRzpct_PxiQ,3
1689858696254,OYz9k8qaSkE,4
1689858701201,c9qYGaIHs_I,3
1689858701549,q4A-CosM5rk,2
1689858702710,tkhkaRCmbGI,3
1689858703640,7d9UXLZ4jl8,3
1689858706692,bzl1X_Kyc84,3
1689858710179,oKVHDQLW-MA,4
1689858711102,wkfd10yq3Uw,5
1689858715343,4d1kIYFCT7E,3
1689858716829,RN6GQCLHpWY,3
1689858718358,nuiikTOUFug,3
1689858720327,Ys34BDEbt2Q,2
1689858720496,N4IvvYEzSnA,5
1689858723021,ELz06TgWg74,5
1689858726457,ZGgglpujaJE,3
1689858726887,-Ub2CEvKXgQ,4
1689858727966,TD0Gcz3Cmfc,3
1689858728121,trnfyj6_cl0,2
1689858731491,0MM3EVyypn0,5
1689858733666,bleuyUldr60,2
1689858735241,4lZJZ4-nnnk,2
1689858735738,GMPlU0f09VU,4
1689858737389,RY351Hx46zI,3
1689858737848,R9YrV6SGlpc,2
1689858739611,-FXh2dNGLvU,2
1689858741126,SwGKzQB3vew,5
1689858742564,6A2cPEUt6As,3
1689858742655,GuFaFvW2A0c,4
1689858745798,v5JmxW6SnRE,2
1689858746925,UUuyPHRiYqw,3
1689858747364,rNfV5uDPbwk,3
1689858751170,87Skpw5SL7o,5
1689858752575,7yzto9uP3c8,5
1689858756433,vEOFs3D7c90,5
1689858758265,0SJyrpwlViU,3
1689858759713,6lNOkb2Jcmk,5
1689858763256,hQfm1Sf8ZN0,2
1689858763266,p5rktLMXxGQ,4
1689858764688,DAzAcTg1VOQ,3
1689858764769,z2afFNPwuNs,5
1689858768584,B_3CkYG5j-M,2
1689858769254,wga2FeP4niU,2
1689858772032,-mdNcxZ5J5c,4
1689858774569,0_sHASMNIzw,2
1689858776647,HtwhoQF3mu4,4
1689858777551,KL9L2XZSTOE,2
1689858778643,nk6nxXRpP4Y,5
1689858778693,2kdUFlFtaRQ,3
1689858779159,wcNvp4V12gU,5
1689858779738,n4iXSGm4gH8,3
1689858781790,v5JmxW6SnRE,1
1689858781947,dWvP9fDZQfo,1
1689858782010,15dxUoMORSM,3
1689858783384,ijEXFE9mQTo,5
1689858786124,9VePeSV_FKQ,4
1689858789426,xQxb46BBdXk,5
1689858789444,Z3ubuNERxMw,4
1689858791853,UNyXlFTvfiQ,3
1689858792135,1aqHUEn1oB0,5
1689858801148,KDLHkMi0hUA,2
1689858801398,CRCeUnLI-J0,3
1689858804117,YbdnbtJsyqs,4
1689858806422,f4w5SXPBfV8,5
1689858808122,g5-Zrit3XFw,3
1689858810622,2-HO8MIew8g,4
1689858812574,ijEXFE9mQTo,3
1689858812795,7EvSfOjLvWk,5
1689858816421,lnyzUBCFSQ0,3
1689858821375,oKVHDQLW-MA,5
1689858821613,DPQuEOAvcE0,4
1689858822647,2kdUFlFtaRQ,3
1689858824201,EHKHbuo4qlY,5
1689858824393,eyKkKCRFkAc,5
1689858825140,Sign5tCDXf8,4
1689858825694,sJGexnkMC98,5
1689858828027,U6TQaCZBSvE,5
1689858828830,1BzKpekzuxQ,4
1689858830749,LAellSfsySs,4
1689858831590,nGWkHDES9hY,1
1689858831712,PQh8HY0FE-E,5
1689858832839,nx4sNfpt9Yc,4
1689858834220,vT8QiHm7nvU,5
1689858836372,schgMHrzfi8,3
1689858840819,2_DT6L0PgIU,4
1689858841317,4wLTS3yBpJw,2
1689858846190,n74ttx674pI,5
1689858851839,DvGkHfBm1uI,5
1689858853394,QYinNxIfbbQ,5
1689858855581,WdWAP0nIVvo,5
1689858858980,RrvAsnj_uWY,3
1689858859038,vEOFs3D7c90,5
1689858859456,3dcoT20u2eo,3
1689858861407,WhWqSt5vvSE,4
1689858862580,LKKpKienx5M,5
1689858863288,uMFaC59QjRY,3
1689858863333,AoVqHwHOm6Y,5
1689858863830,vR4MOI7p62w,3
1689858867465,5XBmyVMaKoQ,5
1689858869515,T-kv7E8xA2s,2
1689858871731,GjpFZbvmzAo,5
1689858871912,557bLPBLv2g,5
1689858872025,c8bjQImx9cg,2
1689858873483,x-xmlpyo7FE,4
1689858873820,G_2iu50Kyik,2
1689858874391,k7k6QwV8ELo,3
1689858877421,MtIBgnn9RmM,5
1689858877423,vnRhA-xDbxE,5
1689858877761,WhWqSt5vvSE,4
1689858878440,J_RbvPSas7o,3
1689858878995,DToxxw65qss,5
1689858880398,TnVNJYnYgBg,4
1689858883556,eA_GCLaCpQI,3
1689858883736,uY5rQ8pMWGU,5
1689858885418,bKM4-OpUapg,4
1689858886711,1K7XUdu96dQ,5
1689858887599,LSEiwTQW0KM,5
1689858889132,22nRxx7iT0w,5
1689858889455,rzS9V0rUaBw,1
1689858890313,e3RlpolHfa4,5
1689858891817,fV6foCD5LGc,5
1689858892060,EuLCQbi2mXs,3
1689858892599,e9-zkvpTtWQ,5
1689858893258,O0l4knQlvR0,3
1689858894248,ZfCoHMOaN88,3
1689858896695,5RreSkTOq30,5
1689858898807,NsbY8HrkbkE,3
1689858899799,q4A-CosM5rk,4
1689858900056,AoVqHwHOm6Y,5
1689858900095,LDR8u9sGxfU,5
1689858900765,2y2OM1qd6S0,2
1689858900943,wp8Ul9siPlE,3
1689858902065,jiLAE10-12s,4
1689858902318,2y2OM1qd6S0,4
1689858903986,vEOFs3D7c90,5
1689858904750,scKJtwJoozU,5
1689858905367,S_dOq7quvP0,5
1689858906083,CWsC3QcP5A4,2
1689858907692,dNNh9Ebb5Mw,5
1689858908573,4613Iq6KaRk,1
1689858908751,dObQiZ9OX7w,5
1689858909621,uMFaC59QjRY,4
1689858910115,9VePeSV_FKQ,4
1689858910373,pFryA-eoKjo,2
1689858912481,jfepA8mene8,2
1689858913352,E6SPoFLZPo4,5
1689858913374,HIa-wKpi2Ns,4
1689858917326,_BgbEhplGwk,2
1689858917652,8iFrtzj9LaE,5
1689858917814,6TrEHtiHCqk,5
1689858921102,c-2CV78j4pY,3
1689858921153,XayIFBSoW4Q,2
1689858921798,yxJ0CPskfp0,5
1689858921994,ArRoXzL4O0M,5
1689858924041,vnRhA-xDbxE,3
1689858924940,FJeoJDCUlRo,3
1689858925767,MtIBgnn9RmM,5
1689858926427,15dxUoMORSM,5
1689858929339,OstxUz7jhj0,5
1689858929590,Gkh1h0-DvSI,2
1689858930619,ot3dcx-39M0,5
1689858931438,e9-zkvpTtWQ,5
1689858932011,VbJdb5-x9H0,5
1689858934516,uU9NfIKWee0,5
1689858934654,Mf4Ry-MmVFo,2
1689858935024,3x-1Y2QdIqU,5
1689858935169,HIa-wKpi2Ns,3
1689858935832,oGlZgxbmUYY,2
1689858937103,mIIUyFrg1cg,5
1689858938261,RrvAsnj_uWY,5
1689858938709,AoVqHwHOm6Y,4
1689858939619,_Zsnfggc-nk,2
1689858940787,Y8RpR6fdtH4,3
1689858942324,dCd-TP0GExM,5
1689858942946,TD0Gcz3Cmfc,5
1689858944037,NOUgND1F1Fs,2
1689858945102,cfJMt5Q97dA,5
1689858945965,UwVFUByLQPw,5
1689858947687,p5rktLMXxGQ,5
1689858949379,zmqLrEsSYIg,5
1689858949403,0SJyrpwlViU,2
1689858950555,2y2OM1qd6S0,5
1689858951792,j7VpAxQpk7g,5
1689858951859,k86GIHe6KcA,5
1689858952380,6yvE6uUtTjs,3
1689858955313,GU7C_3yVxFE,5
1689858955844,jJPmhXbgqpo,1
1689858956193,3c4TAws0iKE,5
1689858956811,E6wFN9t78Yg,2
1689858956877,wga2FeP4niU,5
1689858957262,ADjuaiUfeQE,4
1689858959889,iXlX5oQGWC4,5
1689858960060,Hr5ugAKA9ks,5
1689858961446,S0R41rZStzc,5
1689858961608,Yo-gPwgl5Ss,4
1689858962021,WFr8l9ytdV4,5
1689858962457,8MdgaUMx6x4,3
1689858963675,n26KHJu4SPk,2
1689858964243,GuqPqxCNCIE,3
1689858964415,x9xss8nU7H8,5
1689858964507,f4w5SXPBfV8,5
1689858964559,SCYVddk_9o0,5
1689858965373,iOIRXp44sjw,5
1689858966838,vClDUfrhFAk,5
1689858967396,tkhkaRCmbGI,3
1689858968647,UwKkSMSwg7w,5
1689858968938,8Ted0ZxohYk,1
1689858969175,Z3ubuNERxMw,5
1689858969589,bxRGea8eGKc,5
1689858971251,p7km4fGDf60,5
1689858972156,kc-KV_4VOEc,5
1689858972828,A6t71XEw-eE,5
1689858973334,H46VIxBopMM,4
1689858974015,hKPdnTsHiAw,5
1689858974335,4lZJZ4-nnnk,2
1689858976966,2kdUFlFtaRQ,4
1689858977714,yyAkwvWl5Gk,1
1689858979535,z2afFNPwuNs,5
1689858980989,jqs-tEnTD8M,2
1689858982055,NehdXq52ZLg,5
1689858982372,YbdnbtJsyqs,5
1689858983131,LUas8jstGgc,3
1689858984857,RHV3VP7vZik,5
1689858986269,sRtsNyXD9bo,3
1689858986605,0kP2V_PBh3w,5
1689858987243,Msjv6ofVH8U,5
1689858988085,ft84CtqwReI,2
1689858990322,IY9u9gLHdZE,5
1689858990456,-mdNcxZ5J5c,4
1689858991771,48Hib8ZcUgI,5
1689858992475,cRiOJDeA814,2
1689858993124,fLbwNYx_eAU,4
1689858993655,3dcoT20u2eo,3
1689858994387,GMPlU0f09VU,5
1689858994439,jiLAE10-12s,5
1689858997753,cwWrFnkScb4,3
1689858998003,a0ZOkOmfIoA,5
1689858999495,djMf__e4s3w,4
1689859001673,JO3Etgrdwd4,5
1689859002658,m1TrQ9Okua0,4
1689859003410,U5Yt9zAfyjU,2
1689859005156,sR-7MLn_YG4,5
1689859005983,09ZsRZAItdg,2
1689859015051,ACvvN_Mt4Fg,3
1689859015266,6C3iLtu3rF8,4
1689859015564,_IZrFhlsCv8,2
1689859015861,MtIBgnn9RmM,2
1689859017991,7tBSTxsSuOI,4
1689859023570,RHV3VP7vZik,5
1689859025116,m6sKGoqVt_k,3
1689859029942,3c4TAws0iKE,3
1689859032030,oKVHDQLW-MA,5
1689859033345,RHV3VP7vZik,2
1689859033821,H46VIxBopMM,2
1689859036448,08EbXXJVQQU,2
1689859039757,wXND6WWxZ5k,3
1689859045789,LL5htM_O4yw,4
1689859046054,BdHmvkbr_9Y,3
1689859047300,VMNJMJew2mA,5
1689859048050,m6sKGoqVt_k,4
1689859050630,dCd-TP0GExM,3
1689859052812,TNFrgNd5Xew,5
1689859054450,V_s7ya8IHr0,5
1689859056038,N-fD91aUK3c,5
1689859056381,QAB5UkjXLWg,3
1689859057685,oYhL2Lwt4P0,5
1689859059564,GCol2e4ZZqI,2
1689859061382,HVbg9R1LKYg,5
1689859063830,-FXh2dNGLvU,5
1689859064702,wkroxERwjsE,1
1689859066950,cqFm_H3omJE,3
1689859067666,V_s7ya8IHr0,3
1689859069358,3x-1Y2QdIqU,5
1689859069648,to67pxKpOcQ,4
1689859072990,XpIz8JQZpFc,2
1689859073100,66qQf0RUS98,3
1689859073885,9Xw3KI_i3XY,2
1689859074095,BFi6hc3MZOM,3
1689859076219,JhEJa23tDRQ,2
1689859077989,Re0oT0W4tg0,4
1689859085668,sHU5k-V5sKA,3
1689859085934,9w11SAixUA8,4
1689859086039,pR2CxfEU5-I,4
1689859087062,IRXLe96cIrc,4
1689859088543,941ofE5p0z4,1
1689859092807,ADjuaiUfeQE,3
1689859093571,EpJ21cRXRhM,3
1689859093826,iXlX5oQGWC4,3
1689859095640,969zsF0K2aY,2
1689859100228,N1BV16hyJcg,3
1689859102359,v5JmxW6SnRE,3
1689859102754,YM56qXCrhG8,4
1689859105663,4hWRIfAxpKA,4
1689859109370,ty8oHCdECHI,2
1689859111191,WFr8l9ytdV4,4
1689859114782,oxE46RgCyaY,4
1689859115617,fcYJJaMJE9c,3
1689859117930,8vEYIubzQgg,2
1689859118775,iiRte8nw9ig,3
1689859124166,FJeoJDCUlRo,3
1689859127438,EuLCQbi2mXs,3
1689859127446,SsjlEp9Oe8Y,3
1689859128700,80NjmDAx3ms,4
1689859130183,-mdNcxZ5J5c,4
1689859131480,ygA2vHTu3h4,2
1689859132357,IG7yYyAA0zQ,2
1689859140214,bMOkuXNI108,3
1689859140722,SsjlEp9Oe8Y,4
1689859142953,eyKkKCRFkAc,4
1689859144912,9M7W7CFNzms,3
1689859148673,7d9UXLZ4jl8,2
1689859156798,bXrINdrE1zA,2
1689859158944,z_NPWENDsy8,5
1689859159766,hkGwfZIbMZs,2
1689859159893,v5JmxW6SnRE,2
1689859162313,7xoViSUtkQQ,3
1689859163434,oSpozdS2zM4,2
1689859164784,NnkfZNrkbX8,2
1689859164834,iouzRKuH3dQ,5
1689859165638,Nixa2YUPp6o,3
1689859167934,NsbY8HrkbkE,2
1689859168713,GjpFZbvmzAo,2
1689859169726,6zVY7THnqBU,5
1689859171411,knv8A-tdBJA,2
1689859171639,DToxxw65qss,2
1689859174339,PGN44Uxxh88,5
1689859174442,IRXLe96cIrc,5
1689859176204,FGjPztNfDAs,3
1689859182141,jJPmhXbgqpo,3
1689859182920,UUuyPHRiYqw,4
1689859184485,FYauVwaG8L0,4
1689859186805,nk6nxXRpP4Y,3
1689859187798,ohLIuTLXPq4,1
1689859190137,nGWkHDES9hY,5
1689859191049,sLEmSq0YzfY,2
1689859192154,f2nH9UHudcE,5
1689859193556,mIIUyFrg1cg,5
1689859194324,DToxxw65qss,3
1689859195868,N4IvvYEzSnA,4
1689859196006,m6sKGoqVt_k,5
1689859197506,bleuyUldr60,5
1689859198766,Aya1RB8faLE,3
1689859199329,S7yzDOkjrsA,3
1689859199975,vQ7uenor1wA,4
1689859200038,V_s7ya8IHr0,3
1689859200483,pFryA-eoKjo,4
1689859200692,6zVY7THnqBU,4
1689859201627,oWvOVmLAGZo,5
1689859202100,Aya1RB8faLE,1
1689859202606,6t2nULdQBJ0,2
1689859203196,6t2nULdQBJ0,5
1689859203920,dCd-TP0GExM,2
1689859205483,1S8Qls8mA_E,5
1689859205567,uWWKOVB2JeA,4
1689859209425,C7Vm2t3ksbY,5
1689859211571,1W7VkuBl8A4,5
1689859214122,bxRGea8eGKc,5
1689859215234,NsbY8HrkbkE,3
1689859215742,BilLt3za4Sc,4
1689859216174,3SEk8oQdAU8,5
1689859216516,WPEW-QVgMbs,3
1689859216715,vT8QiHm7nvU,3
1689859218718,VxiSlQ5NczE,1
1689859218731,S0R41rZStzc,2
1689859219294,Izj3N1cEur0,5
1689859220399,U9-CFHgiVzs,2
1689859222070,NrPkMvSaF80,4
1689859222111,7EvSfOjLvWk,3
1689859222277,YbdnbtJsyqs,4
1689859222351,bkAKiqRk-j4,5
1689859222481,fQdThpIxtuQ,3
1689859225772,X_zPJfjcts4,2
1689859227225,0pspROcqlwA,3
1689859228018,cSNd3iA1dFk,5
1689859228276,3dcoT20u2eo,3
1689859229231,wyGoEYNXOMU,4
1689859229985,zRzpct_PxiQ,1
1689859230081,56u2khmUlp8,5
1689859231778,nx4sNfpt9Yc,5
1689859231994,4lZJZ4-nnnk,2
1689859234046,IA0qJskOhMk,5
1689859235719,0B0Wirla7Tc,3
1689859235774,JO3Etgrdwd4,4
1689859236246,mi2VUKa5x-4,5
1689859238233,NOUgND1F1Fs,5
1689859239195,sQqwKnYt5hA,5
1689859239221,UNyXlFTvfiQ,3
1689859242044,0HW39lOedkM,2
1689859242207,jfepA8mene8,5
1689859243752,X_zPJfjcts4,3
1689859244373,y2EbRmdr6u4,3
1689859246000,vomYacxALd8,1
1689859246239,DydYvdNEtS0,5
1689859246351,yvVVEjqUpAg,3
1689859247037,gGOwb-Z5dq4,3
1689859249044,D0LkqvWeJtQ,4
1689859249066,FGjPztNfDAs,5
1689859249948,hQfm1Sf8ZN0,3
1689859251617,yalyJMRylUQ,5
1689859252574,TH042kz3O4M,2
1689859253082,oxE46RgCyaY,2
1689859253409,e3RlpolHfa4,2
1689859254313,0MM3EVyypn0,5
1689859255050,cFp-ZmwSSkQ,2
1689859256347,6__vz4AMQSs,5
1689859258461,U6TQaCZBSvE,5
1689859260182,hkGwfZIbMZs,2
1689859260552,eyKkKCRFkAc,5
1689859261843,iXlX5oQGWC4,4
1689859262408,HQy-nxe72Ds,4
1689859263074,ft84CtqwReI,5
1689859265358,huaFMJlgmA0,5
1689859265419,ZrL4NWvH4Us,1
1689859266128,M9WbfisskyQ,2
1689859266177,3SEk8oQdAU8,3
1689859267216,XcqvqRpCI6k,5
1689859268431,7CYOSAhFTK0,4
1689859268970,WJXBubbMMLM,5
1689859269519,_gOskPm68s4,1
1689859269735,gGOwb-Z5dq4,5
1689859271251,BJaSVsoUBjA,5
1689859271265,N8BPDt4xJ_Y,3
1689859272917,313YHO1HjuU,5
1689859272969,RHV3VP7vZik,5
1689859273892,XpIz8JQZpFc,3
1689859274613,yxJ0CPskfp0,2
1689859274897,08r-MrgmGIM,5
1689859276812,065FETJaFaw,2
1689859276898,4dNOXYgCKLs,2
1689859276944,WSv7jib1UoY,5
1689859278453,8V5sEzLTw48,2
1689859278717,I8Bxa5vla5o,5
1689859279522,BOZOFxaHkpc,5
1689859280533,V8f0r-q-1rc,4
1689859281038,8Ted0ZxohYk,5
1689859281168,1K7XUdu96dQ,3
1689859282944,_vgQJAQ9fxA,5
1689859283534,g_Tm9vgSpKg,4
1689859283543,mA8kaODsGXo,3
1689859284340,bzl1X_Kyc84,2
1689859286294,g_Tm9vgSpKg,5
1689859288491,w9kOTPVxhQI,1
1689859292131,lBpjZOVEwPA,3
1689859292205,HtwhoQF3mu4,3
1689859293111,f2nH9UHudcE,4
1689859293496,cRiOJDeA814,3
1689859296049,tvvjQw3Df4Y,3
1689859296422,rzS9V0rUaBw,3
1689859297768,NO8UCGCojBE,5
1689859297966,HQ-29COio18,3
1689859298464,0KUGj84GFNU,5
1689859300530,U5Yt9zAfyjU,3
1689859300643,G_2iu50Kyik,5
1689859302241,CWsC3QcP5A4,3
1689859302834,JmYr5WriLzU,5
1689859305306,ijEXFE9mQTo,2
1689859307627,ji0krGym04M,3
1689859308458,HeLB5TjNWb8,3
1689859308624,ji0krGym04M,3
1689859309003,U5Yt9zAfyjU,2
1689859310336,C9HcjDVL8CA,4
1689859311370,2y2OM1qd6S0,4
1689859311843,Gx_84hIhw6E,3
1689859311845,jvFWq53yeiA,5
1689859313036,ZNRyJ3Xc6AA,2
1689859313934,cqFm_H3omJE,3
1689859316723,TJ0TNgjWQrw,3
1689859317707,JJzDfwCJCco,3
1689859317758,U5Yt9zAfyjU,3
1689859317835,Y4ZMo9Bg9iQ,2
1689859318055,j7VpAxQpk7g,3
1689859318334,bhz16QzG48Y,3
1689859319226,OgtDdYtK4GA,3
1689859319346,Xl1dvfza2M0,1
1689859319961,cfJMt5Q97dA,1
1689859321090,WdH-iECL4tk,4
1689859324780,OYz9k8qaSkE,5
1689859325232,22nRxx7iT0w,4
1689859325699,Gx_84hIhw6E,2
1689859326785,tCzKGeuVwSI,5
1689859326935,3dcoT20u2eo,3
1689859328744,0t8gsTDkNvo,4
1689859328917,ELz06TgWg74,5
1689859329885,0MM3EVyypn0,3
1689859331188,xGe9YWV7LTE,5
1689859331333,Ys34BDEbt2Q,3
1689859331507,pFryA-eoKjo,5
1689859333910,RIbSkdu0BaQ,3
1689859337211,6zVY7THnqBU,3
1689859337447,LZK9OYYc-tM,2
1689859337918,P1M17G8hl1o,3
1689859338126,dCd-TP0GExM,2
1689859338198,CRCeUnLI-J0,5
1689859338657,hkZ_sGYEbSc,4
1689859339822,48Hib8ZcUgI,2
1689859339933,D5-rXHhEfwE,3
1689859341268,yxJ0CPskfp0,5
1689859343483,mbnkbb4G7uc,4
1689859343546,_gOskPm68s4,5
1689859344161,EfZFcQuSFc0,4
1689859345536,08r-MrgmGIM,5
1689859345553,bMOkuXNI108,2
1689859345930,JTUBxH9Pyjg,3
1689859346419,mi2VUKa5x-4,5
1689859346940,tqFkH2N2niI,2
1689859347353,eU7LC_qw1Go,3
1689859347811,IJNsQPz-sEY,5
1689859348682,ap_BYPxQVX4,3
1689859349053,d2I-jwWtpqE,2
1689859349820,simuI3RhyFk,5
1689859349908,tCzKGeuVwSI,4
1689859350100,J7LulpNbDpk,3
1689859350673,8biEhZ6OBhU,2
1689859351969,V8f0r-q-1rc,5
1689859352984,V9xwDKCZO9g,4
1689859353637,7tBSTxsSuOI,3
1689859354931,GC6NtxJt00Y,5
1689859355677,gsbjVRjx9QM,5
1689859357085,LL5htM_O4yw,4
1689859357765,nGWkHDES9hY,5
1689859358686,9VePeSV_FKQ,2
1689859359203,VbJdb5-x9H0,2
1689859359357,XayIFBSoW4Q,4
1689859360007,VEqI0o_Gk1A,5
1689859362431,c2XNeki67Vs,5
1689859362903,E6SPoFLZPo4,2
1689859364441,pFryA-eoKjo,5
1689859364906,RFvE1mZZs3k,3
1689859366306,ggxEeEepRBM,3
1689859367182,N-fD91aUK3c,4
1689859367639,QYinNxIfbbQ,4
1689859368380,EQa2G3pggLs,2
1689859368721,n74ttx674pI,3
1689859368865,bkAKiqRk-j4,3
1689859370191,m6sKGoqVt_k,5
1689859370401,q5dgKpjboRQ,5
1689859370828,FGjPztNfDAs,3
1689859371069,GAptamO4c80,3
1689859372454,G0aSqKdQOP8,3
1689859372837,xGe9YWV7LTE,4
1689859373912,uU9NfIKWee0,4
1689859374837,hZqCv9lKpfM,5
1689859375243,1tvOYD8-858,2
1689859375416,fQdThpIxtuQ,2
1689859376299,EpJ21cRXRhM,2
1689859376381,1w_hSZcJjUI,3
1689859376586,DPQuEOAvcE0,3
1689859377952,XpIz8JQZpFc,3
1689859378481,bvjqDQzakfc,2
1689859380583,MQCBfZEiAJc,4
1689859380654,syUo2x6Wyjc,3
1689859380667,nuiikTOUFug,4
1689859381038,fQdThpIxtuQ,3
1689859383348,k7k6QwV8ELo,3
1689859383991,cRiOJDeA814,4
1689859384116,5MLHT_kWzK8,2
1689859384709,80NjmDAx3ms,4
1689859384710,FGhnyPFYiaQ,1
1689859385526,H5qbH4un0Cw,4
1689859385728,bkAKiqRk-j4,3
1689859386099,LRAq1JRxWgk,3
1689859386115,VBVzlfoNuWo,4
1689859386198,J7LulpNbDpk,1
1689859386383,OR8r-bqhMdw,2
1689859387485,vnRhA-xDbxE,3
1689859387803,-Ub2CEvKXgQ,2
1689859387875,ctadOj54W8w,5
1689859387915,NOUgND1F1Fs,4
1689859387932,Y4OkI0TGYOg,5
1689859388955,3x-1Y2QdIqU,3
1689859389025,jJPmhXbgqpo,3
1689859389138,hZqCv9lKpfM,3
1689859389415,JhEJa23tDRQ,4
1689859390269,mi2VUKa5x-4,3
1689859391236,5stai7QVSnI,4
1689859391286,Sign5tCDXf8,3
1689859392105,96Ratr8dvLo,4
1689859392251,Sc6BXXHHsEc,4
1689859393654,0Ky6PfExoY8,2
1689859394030,GWZA_9EY-Gw,5
1689859394068,X_zPJfjcts4,4
1689859394286,N3x3Qr0_5dY,3
1689859394618,cfJMt5Q97dA,5
1689859395522,E6wFN9t78Yg,2
1689859395597,yyAkwvWl5Gk,3
1689859395772,DpJMfcE6vmk,3
1689859395952,kfDVoUWVbFI,3
1689859396007,QjjRCvxxx6E,3
1689859397063,1BzKpekzuxQ,3
1689859398505,ot3dcx-39M0,4
1689859398674,IRXLe96cIrc,3
1689859399377,bKM4-OpUapg,3
1689859399993,SCYVddk_9o0,2
1689859400147,wga2FeP4niU,3
1689859400219,ty8oHCdECHI,5
1689859401187,exFBUrWEsBI,3
1689859402893,ORgwueAG5mY,3
1689859403298,iiRte8nw9ig,4
1689859404504,ijEXFE9mQTo,5
1689859405003,DpJMfcE6vmk,3
1689859405834,gsbjVRjx9QM,2
1689859406360,_S9Pr0bY1HE,3
1689859407300,96Ratr8dvLo,3
1689859408203,nBm-Wg6LRto,1
1689859409078,jfepA8mene8,2
1689859409175,g_Tm9vgSpKg,4
1689859409480,GuFaFvW2A0c,5
1689859410036,Ys34BDEbt2Q,3
1689859410775,HQy-nxe72Ds,2
1689859411491,N4SFxyGxR3s,2
1689859411700,iOIRXp44sjw,2
1689859411834,6t2nULdQBJ0,3
1689859411846,FYnLccvor7E,3
1689859411991,vKhj_O4FN9E,2
1689859415006,rNfV5uDPbwk,2
1689859415092,-Ub2CEvKXgQ,5
1689859416822,W9EGExGqXXQ,5
1689859417932,t-UJolT0qys,2
1689859418007,fcYJJaMJE9c,4
1689859419138,yCpq0nny1tw,3
1689859421194,1DQYXIAfiWg,5
1689859421387,Msjv6ofVH8U,2
1689859422473,hkZ_sGYEbSc,2
1689859422746,DAzAcTg1VOQ,3
1689859423037,oXGFn7bN8Mc,2
1689859423120,ACvvN_Mt4Fg,5
1689859424025,Sme1m7dNJKs,4
1689859425355,BpvvXeGY9uc,5
1689859425798,fmVdowYGGuw,4
1689859426043,5yi9CmnpEKw,4
1689859427227,66qQf0RUS98,4
1689859427431,6__vz4AMQSs,3
1689859428274,7n8EL1MSKTU,5
1689859428281,oKVHDQLW-MA,5
1689859428482,8biEhZ6OBhU,1
1689859430674,uhkdUZuhkeY,3
1689859431608,ap_BYPxQVX4,2
1689859432322,3SEk8oQdAU8,3
1689859432561,_vgQJAQ9fxA,4
1689859433653,oWvOVmLAGZo,4
1689859433658,hY_3x8tpcqs,2
1689859434018,IeMChWSiTOM,5
1689859434580,uEL5-MaIQ6E,4
1689859434949,Y4ZMo9Bg9iQ,5
1689859435005,6__vz4AMQSs,5
1689859435490,oKVHDQLW-MA,3
1689859436646,oxE46RgCyaY,3
1689859436865,7tBSTxsSuOI,1
1689859437250,mbnkbb4G7uc,2
1689859439201,DpJMfcE6vmk,1
1689859439666,RN6GQCLHpWY,5
1689859439859,tL7ZTyzy9GI,5
1689859440087,_OYlMcmQ-9U,3
1689859441847,ctadOj54W8w,3
1689859442111,lBpjZOVEwPA,5
1689859442239,cfJMt5Q97dA,3
1689859443107,bNZv0_uIJh4,3
1689859443452,0HW39lOedkM,5
1689859443714,oh-xeUyk5hQ,1
1689859444345,-TO2lP0Fs9M,3
1689859444883,FpcZ6sK9W8U,2
1689859446180,6A2cPEUt6As,3
1689859446764,cfJMt5Q97dA,3
1689859447854,09ZsRZAItdg,3
1689859449336,WoDyx37ucNE,5
1689859450894,4i1nEd2Iobg,4
1689859451230,EpJ21cRXRhM,2
1689859451704,YbdnbtJsyqs,3
1689859451743,5yi9CmnpEKw,3
1689859453555,6sQDRBdKNSY,5
1689859453660,sq1jgpl2bnI,3
1689859453744,48Hib8ZcUgI,3
1689859454099,S2ADqCuQHyA,5
1689859454682,WSv7jib1UoY,5
1689859455314,CCCJ1XeGJR0,3
1689859456386,f2nH9UHudcE,4
1689859457349,RIbSkdu0BaQ,2
1689859458800,mtX3vs-52vE,3
1689859459323,m1DXrq2ieWA,3
1689859459571,ACvvN_Mt4Fg,5
1689859460428,YM56qXCrhG8,2
1689859461790,k7k6QwV8ELo,5
1689859461967,W9EGExGqXXQ,2
1689859461986,1tvOYD8-858,2
1689859462082,_FZ3B4KfFzU,3
1689859462806,uF-vQqNhQXk,5
1689859463010,3U_BF5zokr0,5
1689859463738,NAKUf50OnKM,3
1689859463770,ZagD0lftHlo,5
1689859465158,DpJMfcE6vmk,2
1689859465675,SMd1N0As2hg,3
1689859465896,epTI19zbw6U,3
1689859466255,kF1XPnnkUQc,3
1689859466485,0Fj34gEsrnQ,3
1689859466618,XayIFBSoW4Q,2
1689859467809,NehdXq52ZLg,4
1689859468836,941ofE5p0z4,2
1689859469019,oGlZgxbmUYY,5
1689859471112,odMooysJHXg,4
1689859471922,MQCBfZEiAJc,2
1689859473079,GU7C_3yVxFE,4
1689859473589,3U_BF5zokr0,3
1689859473921,941ofE5p0z4,2
1689859474792,tkhkaRCmbGI,2
1689859476841,0B0Wirla7Tc,3
1689859477733,8biEhZ6OBhU,4
1689859479519,ot3dcx-39M0,3
1689859479706,vE3qW7f80Ig,3
1689859479914,9rhqEBHzGNM,4
1689859483543,f4w5SXPBfV8,3
1689859484655,vT8QiHm7nvU,3
1689859485151,jiLAE10-12s,2
1689859488143,sVYmpL1NMlo,3
1689859488557,TQkJkU7yFCo,3
1689859490571,7CYOSAhFTK0,3
1689859490950,ijEXFE9mQTo,2
1689859491631,BOZOFxaHkpc,4
1689859491746,EQa2G3pggLs,3
1689859494926,MC0XUAXMW-E,2
1689859498406,wga2FeP4niU,5
1689859498690,Gx2XAGhccc0,3
1689859498830,ot3dcx-39M0,3
1689859499073,JmYr5WriLzU,3
1689859499599,ZNRyJ3Xc6AA,4
1689859503203,UTYHL2PxooM,2
1689859503406,wp8Ul9siPlE,4
1689859503764,-Ub2CEvKXgQ,1
1689859504229,vvH-BvCJRc0,3
1689859506915,bNZv0_uIJh4,4
1689859508063,YM56qXCrhG8,2
1689859508191,FpcZ6sK9W8U,4
1689859509264,_IZrFhlsCv8,3
1689859509533,n76tuhCcTE8,2
1689859510188,m1TrQ9Okua0,4
1689859511802,woAur7VgvI8,5
1689859512209,p5rktLMXxGQ,5
1689859512727,uEL5-MaIQ6E,4
1689859513014,dTYDmcT5Pvw,2
1689859514213,gGOwb-Z5dq4,5
1689859514572,eA_GCLaCpQI,1
1689859516197,oSpozdS2zM4,2
1689859516410,ji0krGym04M,1
1689859517588,G_2iu50Kyik,5
1689859518138,DAzAcTg1VOQ,3
1689859518890,fmVdowYGGuw,3
1689859519300,P1M17G8hl1o,3
1689859521190,wyGoEYNXOMU,3
1689859521489,7WUExelO8Zw,5
1689859521817,MThxmascVCQ,1
1689859522706,JmYr5WriLzU,4
1689859523004,_Zsnfggc-nk,3
1689859524048,7CYOSAhFTK0,5
1689859524731,iouzRKuH3dQ,4
1689859526226,nuiikTOUFug,2
1689859526961,gsbjVRjx9QM,3
1689859527796,bKM4-OpUapg,2
1689859527918,sQ0-q49AG78,3
1689859528496,sQ0-q49AG78,2
1689859529844,1DQYXIAfiWg,3
1689859530052,56u2khmUlp8,3
1689859530095,I8Bxa5vla5o,4
1689859531819,oWvOVmLAGZo,4
1689859531939,H5qbH4un0Cw,5
1689859532043,96Ratr8dvLo,3
1689859532313,ctadOj54W8w,1
1689859532502,_iI3YdeGJlQ,1
1689859532623,N4IvvYEzSnA,2
1689859536331,fcYJJaMJE9c,3
1689859539071,Y6kx2kLN1Bc,3
1689859539641,WdWAP0nIVvo,2
1689859540494,l-Ig8iRHRbg,3
1689859541052,dWvP9fDZQfo,4
1689859541312,z_NPWENDsy8,2
1689859541542,0MM3EVyypn0,4
1689859543058,wRh8MJLOF6A,3
1689859545105,0kP2V_PBh3w,4
1689859545983,NcF_Onpo0ug,3
1689859546842,1BzKpekzuxQ,4
1689859547769,NO8UCGCojBE,5
1689859548849,HtwhoQF3mu4,5
1689859548903,GjpFZbvmzAo,4
1689859550004,kc-KV_4VOEc,1
1689859550439,1DQYXIAfiWg,3
1689859550898,ChPWUX4_hJ0,3
1689859552411,KL9L2XZSTOE,1
1689859553558,fpw72Q-Ao6g,5
1689859553824,e9-zkvpTtWQ,4
1689859553880,BOZOFxaHkpc,3
1689859556133,3VATh7fQQWw,2
1689859556226,FJeoJDCUlRo,4
1689859556300,z_pNGhUKz78,3
1689859556570,Y6kx2kLN1Bc,4
1689859558203,jJFbQZ860A4,3
1689859558256,uF-vQqNhQXk,3
1689859558784,fV6foCD5LGc,4
1689859559820,S2ADqCuQHyA,3
1689859560121,lnyzUBCFSQ0,3
1689859560484,24XiekYuLT8,3
1689859561509,6A2cPEUt6As,4
1689859562312,scKJtwJoozU,4
1689859564972,IRXLe96cIrc,3
1689859565549,IJNsQPz-sEY,3
1689859567268,0_sHASMNIzw,2
1689859568044,dNP_YdBfZW4,4
1689859569176,FJeoJDCUlRo,4
1689859570127,HVbg9R1LKYg,4
1689859571013,02S8eXLgLsk,3
1689859571666,oWvOVmLAGZo,5
1689859572244,LZK9OYYc-tM,3
1689859573101,A6t71XEw-eE,1
1689859573946,yzUg1Mk2xyI,4
1689859574215,ltdLTcHyJc0,2
1689859574389,cRiOJDeA814,3
1689859575426,ORgwueAG5mY,2
1689859577542,jvFWq53yeiA,3
1689859578233,W9EGExGqXXQ,3
1689859578288,3VATh7fQQWw,3
1689859578905,uPDkn8aW3IU,2
1689859579973,nx4sNfpt9Yc,4
1689859580326,22nRxx7iT0w,5
1689859583299,9M7W7CFNzms,5
1689859583856,IJNsQPz-sEY,3
1689859583897,0SJyrpwlViU,3
1689859584749,Q_W7vMo0SPI,5
1689859585119,nZWZOrhkEeo,1
1689859586301,skdrEMcx810,2
1689859586547,NhW2tRBdP20,5
1689859586991,9Xw3KI_i3XY,3
1689859588868,5ZFvWD4Ylgk,2
1689859589408,uhkdUZuhkeY,3
1689859590896,M9WbfisskyQ,4
1689859591490,7tBSTxsSuOI,3
1689859592349,fxMZG6ouE8s,3
1689859592723,G5K70nCGtxU,2
1689859593199,LZK9OYYc-tM,5
1689859595047,-FXh2dNGLvU,3
1689859595712,DvGkHfBm1uI,3
1689859595998,jfepA8mene8,4
1689859596071,R0G2DPIrcAg,4
1689859596314,eyKkKCRFkAc,4
1689859596390,iXlX5oQGWC4,1
1689859596651,X_zPJfjcts4,4
1689859602782,p5rktLMXxGQ,4
1689859603628,0kP2V_PBh3w,3
1689859604844,sQ0-q49AG78,3
1689859607472,1DQYXIAfiWg,2
1689859607999,pFryA-eoKjo,5
1689859608136,Dw4oPsKlZcA,3
1689859609504,knv8A-tdBJA,5
1689859610219,yurrI9TMhTc,3
1689859611274,TnVNJYnYgBg,4
1689859611478,eyKkKCRFkAc,5
1689859611487,2kdUFlFtaRQ,3
1689859614151,1DQYXIAfiWg,2
1689859614170,OstxUz7jhj0,3
1689859614455,RHV3VP7vZik,5
1689859615587,nd9cz_1OlLE,4
1689859616317,djMf__e4s3w,3
1689859618238,941ofE5p0z4,4
1689859619308,VhRDPIxjWiw,5
1689859619612,nuiikTOUFug,4
1689859619824,1w_hSZcJjUI,2
1689859620584,3dcoT20u2eo,3
1689859621517,Ys34BDEbt2Q,2
1689859623672,P1M17G8hl1o,4
1689859623808,f3pF7tlh_SA,3
1689859625857,-FXh2dNGLvU,3
1689859627047,lBpjZOVEwPA,3
1689859627325,ADjuaiUfeQE,5
1689859627638,BOZOFxaHkpc,4
1689859628173,Y8d6mbdfdDY,2
1689859628984,mbnkbb4G7uc,4
1689859629204,80NjmDAx3ms,4
1689859629523,6tQ42BTZq10,3
1689859629538,huaFMJlgmA0,5
1689859630373,p5rktLMXxGQ,4
1689859631588,q5dgKpjboRQ,4
1689859632510,SjNVCPSE27k,1
1689859632964,0SJyrpwlViU,3
1689859633088,hQfm1Sf8ZN0,3
1689859633445,VhRDPIxjWiw,4
1689859634544,ZagD0lftHlo,4
1689859635405,ivQCQtXhyLk,3
1689859635667,1BzKpekzuxQ,4
1689859637250,XFGCsV0Ff5M,4
1689859637345,Dw4oPsKlZcA,3
1689859637952,LKKpKienx5M,5
1689859638589,6q-0bJ12Rcc,4
1689859638893,VbJdb5-x9H0,4
1689859641852,Sfi4fVkONps,4
1689859642604,s6zW0-X8IJU,3
1689859643373,I7t5LFAHFnw,4
1689859643708,0_sHASMNIzw,1
1689859646339,Qc-w7_mGK8M,2
1689859646841,Q_W7vMo0SPI,3
1689859647669,kc-KV_4VOEc,3
1689859649300,wyGoEYNXOMU,4
1689859650396,f2nH9UHudcE,5
1689859650697,Pm0W_PtrNic,3
1689859652000,pFryA-eoKjo,2
1689859652098,8Pj__cU_W4E,3
1689859652355,Pm0W_PtrNic,4
1689859652444,knv8A-tdBJA,2
1689859653052,1tvOYD8-858,3
1689859653797,jiLAE10-12s,2
1689859654124,U9-CFHgiVzs,5
1689859655287,soUaBzSGGiY,3
1689859659777,ctadOj54W8w,2
1689859660307,E6wFN9t78Yg,3
1689859663215,qQW21p1mtqI,2
1689859663607,7n8EL1MSKTU,3
1689859663741,dEsHNzeW9Rk,3
1689859663783,4i1nEd2Iobg,4
1689859663987,8vEYIubzQgg,5
1689859667040,2ZeqzgIJC0Q,3
1689859668259,YcOAccvSiPM,1
1689859670728,N65Ex6Bl3Ro,2
1689859672057,DvGkHfBm1uI,2
1689859672880,NrPkMvSaF80,2
1689859673224,sQqwKnYt5hA,3
1689859673822,c2XNeki67Vs,2
1689859674631,0pspROcqlwA,1
1689859676786,i2H55xWgvWY,3
1689859676890,557bLPBLv2g,3
1689859678375,7CYOSAhFTK0,5
1689859679233,uhkdUZuhkeY,3
1689859679696,3QAvVjAwnHc,4
1689859680140,D2dvPyxtOfo,4
1689859681045,cRiOJDeA814,3
1689859681521,9w11SAixUA8,3
1689859683269,ZtZ1_mx4rtk,3
1689859684302,bXrINdrE1zA,3
1689859685470,NAKUf50OnKM,3
1689859685676,3o8b_iGsDTI,3
1689859687257,wyGoEYNXOMU,2
1689859688359,knv8A-tdBJA,5
1689859688455,941ofE5p0z4,3
1689859688538,XcqvqRpCI6k,3
1689859689777,3fnsqZYhHiI,3
1689859689966,f2nH9UHudcE,5
1689859691838,DToxxw65qss,5
1689859693091,RY351Hx46zI,3
1689859693560,G5K70nCGtxU,3
1689859693662,oKVHDQLW-MA,3
1689859695164,b8A_j7tqAUY,2
1689859696496,1aqHUEn1oB0,3
1689859697114,NjlJGAD79do,1
1689859698688,ijEXFE9mQTo,3
1689859699223,rzS9V0rUaBw,3
1689859700817,S2ADqCuQHyA,5
1689859701793,WPEW-QVgMbs,3
1689859701895,-FXh2dNGLvU,3
1689859702473,hkZ_sGYEbSc,3
1689859703807,BKaJgz5EOhQ,3
1689859703857,t-UJolT0qys,1
1689859704053,bNoF3VHl5dI,4
1689859704780,n26KHJu4SPk,1
1689859705987,BNlITGieKL0,2
1689859707626,syUo2x6Wyjc,3
1689859708174,BOZOFxaHkpc,3
1689859708407,09ZsRZAItdg,2
1689859709582,xGe9YWV7LTE,3
1689859710061,Re0oT0W4tg0,3
1689859711124,bFCDn7FIe2U,4
1689859711620,ot3dcx-39M0,3
1689859712919,Wf92bipxUWA,3
1689859713053,Gx2XAGhccc0,4
1689859716131,S2gxR4_hehQ,2
1689859716528,M1oTqYhm9Q4,3
1689859719029,exFBUrWEsBI,3
1689859719688,Z3ubuNERxMw,5
1689859720016,rNfV5uDPbwk,5
1689859723581,g_Tm9vgSpKg,3
1689859724412,6zVY7THnqBU,3
1689859725860,3c4TAws0iKE,3
1689859726108,oSpozdS2zM4,1
1689859728221,JTUBxH9Pyjg,3
1689859728917,0_sHASMNIzw,2
1689859729006,80NjmDAx3ms,3
1689859730659,0SJyrpwlViU,3
1689859731144,Z376MI1h8T8,1
1689859731726,FYauVwaG8L0,4
1689859732453,WhWqSt5vvSE,4
1689859733658,LKKpKienx5M,2
1689859734240,H5qbH4un0Cw,3
1689859734465,bzl1X_Kyc84,3
1689859736139,Yo-gPwgl5Ss,4
1689859736399,N4SFxyGxR3s,3
1689859737048,0WarKZPvT2A,4
1689859737398,C7Vm2t3ksbY,4
1689859737539,p5rktLMXxGQ,3
1689859737667,oGlZgxbmUYY,3
1689859738269,wRh8MJLOF6A,3
1689859740040,RHV3VP7vZik,5
1689859741051,KDLHkMi0hUA,3
1689859741642,5ZFvWD4Ylgk,1
1689859741886,ygA2vHTu3h4,5
1689859742672,LSEiwTQW0KM,2
1689859743365,Sc6BXXHHsEc,3
1689859743906,vomYacxALd8,3
1689859745802,pLXEPkDKrAg,3
1689859746017,dWvP9fDZQfo,5
1689859747228,56u2khmUlp8,3
1689859748264,n4iXSGm4gH8,3
1689859749099,EuLCQbi2mXs,3
1689859749658,24XiekYuLT8,2
1689859751020,GjpFZbvmzAo,3
1689859752626,WSv7jib1UoY,1
1689859753035,Q5HIVoCZ7NE,2
1689859753714,66qQf0RUS98,3
1689859754338,vvH-BvCJRc0,1
1689859756814,WdWAP0nIVvo,4
1689859757217,96Ratr8dvLo,4
1689859759481,TH042kz3O4M,2
1689859761672,yvVVEjqUpAg,3
1689859762271,7WUExelO8Zw,3
1689859763007,RoT9gRvUKTA,5
1689859763567,0_sHASMNIzw,2
1689859767186,XayIFBSoW4Q,2
1689859767550,vKs0txFz1Eo,3
1689859768698,sdAZX__G6MU,2
1689859769393,vT8QiHm7nvU,3
1689859770820,UwVFUByLQPw,1
1689859770905,mbnkbb4G7uc,4
1689859773109,0Fj34gEsrnQ,3
1689859773233,ivQCQtXhyLk,3
1689859773417,bleuyUldr60,1
1689859773555,-Ub2CEvKXgQ,2
1689859775294,HeLB5TjNWb8,5
1689859775316,5RreSkTOq30,2
1689859777376,VMNJMJew2mA,2
1689859778747,zhXmno_sTGc,2
1689859780624,cfJMt5Q97dA,4
1689859780809,M9WbfisskyQ,3
1689859782098,GjpFZbvmzAo,3
1689859782296,ZtZ1_mx4rtk,3
1689859783385,dWvP9fDZQfo,2
1689859785587,0B0Wirla7Tc,1
1689859787388,UwVFUByLQPw,2
1689859789910,DToxxw65qss,3
1689859791313,OgtDdYtK4GA,4
1689859791437,dk_4satnG4k,3
1689859791717,7M-FRJerOQ8,4
1689859791735,66qQf0RUS98,2
1689859792323,LMW2y031rkE,5
1689859792795,4613Iq6KaRk,5
1689859794017,wkroxERwjsE,3
1689859794678,w9kOTPVxhQI,2
1689859795458,S0R41rZStzc,2
1689859795794,ZfCoHMOaN88,4
1689859797622,BdHmvkbr_9Y,4
1689859797648,IY9u9gLHdZE,3
1689859800887,ylU6kh-g6qw,4
1689859801128,ysPdENXdTIY,1
1689859801470,-FXh2dNGLvU,5
1689859801992,80NjmDAx3ms,3
1689859802260,N1BV16hyJcg,2
1689859803984,h8hKsKcEagw,2
1689859804091,huaFMJlgmA0,4
1689859804590,ysPdENXdTIY,1
1689859804884,VBVzlfoNuWo,2
1689859805835,QYinNxIfbbQ,5
1689859806379,6__vz4AMQSs,3
1689859806970,GU7C_3yVxFE,4
1689859807901,DQQOQ4L9vKI,5
1689859810229,4s33UskuwgI,4
1689859810959,0WarKZPvT2A,4
1689859812227,QYinNxIfbbQ,3
1689859812287,ADjuaiUfeQE,2
1689859812861,Y8d6mbdfdDY,3
1689859813555,sVYmpL1NMlo,2
1689859814412,XayIFBSoW4Q,3
1689859816700,yvVVEjqUpAg,4
1689859818490,jKedIt9IA2E,2
1689859819784,V9xwDKCZO9g,5
1689859820559,dObQiZ9OX7w,2
1689859820718,24XiekYuLT8,2
1689859821808,SCYVddk_9o0,5
1689859822656,FpcZ6sK9W8U,3
1689859822817,sVYmpL1NMlo,1
1689859823911,Sme1m7dNJKs,4
1689859824727,uF-vQqNhQXk,1
1689859824746,ygA2vHTu3h4,3
1689859828872,vR4MOI7p62w,5
1689859829320,kF1XPnnkUQc,2
1689859832599,ChPWUX4_hJ0,4
1689859834925,IU1R4Yy4rf0,4
1689859835007,VMNJMJew2mA,4
1689859835180,lBpjZOVEwPA,3
1689859836709,m1DXrq2ieWA,3
1689859839313,MThxmascVCQ,4
1689859839787,2ZeqzgIJC0Q,4
1689859840472,02S8eXLgLsk,3
1689859840874,zhXmno_sTGc,4
1689859841075,80NjmDAx3ms,3
1689859842794,dCd-TP0GExM,1
1689859843591,2kdUFlFtaRQ,3
1689859844964,U5Yt9zAfyjU,3
1689859845024,EGshyPhSZmo,1
1689859845161,0b2QUsBZE-0,3
1689859846044,N4IvvYEzSnA,5
1689859846607,n76tuhCcTE8,4
1689859846789,ORgwueAG5mY,3
1689859847328,ohLIuTLXPq4,3
1689859850177,sLEmSq0YzfY,4
1689859850491,U9iFZMzxVWw,5
1689859851879,jiLAE10-12s,3
1689859852207,Sme1m7dNJKs,2
1689859853314,vomYacxALd8,3
1689859854563,V9xwDKCZO9g,4
1689859856343,dCd-TP0GExM,4
1689859857287,TAg0zFOJqjo,5
1689859857662,sVYmpL1NMlo,3
1689859858498,Fy_nXJrl9ng,1
1689859858815,E6SPoFLZPo4,5
1689859859793,iiRte8nw9ig,3
1689859859940,VMNJMJew2mA,4
1689859860132,WdH-iECL4tk,5
1689859860830,24XiekYuLT8,3
1689859861485,A3yVQyfWhWY,5
1689859864165,jKedIt9IA2E,4
1689859864877,DToxxw65qss,3
1689859865868,GWZA_9EY-Gw,4
1689859866350,mbnkbb4G7uc,4
1689859866830,dWvP9fDZQfo,3
1689859866917,sJGexnkMC98,2
1689859866968,4lZJZ4-nnnk,3
1689859867905,08EbXXJVQQU,2
1689859869213,4dNOXYgCKLs,3
1689859870313,pR2CxfEU5-I,3
1689859870320,Y4OkI0TGYOg,3
1689859871172,Sc6BXXHHsEc,3
1689859872040,ijvT-tYCEj4,3
1689859875451,ivQCQtXhyLk,3
1689859875639,DTwgzprCCY4,2
1689859875828,6sQDRBdKNSY,3
1689859876441,R0G2DPIrcAg,3
1689859878987,ji0krGym04M,3
1689859879730,uPDkn8aW3IU,4
1689859879778,fcYJJaMJE9c,4
1689859880502,EfZFcQuSFc0,3
1689859880574,U9iFZMzxVWw,1
1689859882789,HVbg9R1LKYg,4
1689859883356,0SJyrpwlViU,3
1689859884862,vq57jzOLXh0,3
1689859884927,Pm0W_PtrNic,4
1689859885595,7xoViSUtkQQ,4
1689859886393,t4Tz4l2zOWA,1
1689859887124,EtqMgFh9RYY,3
1689859890889,7Bd_QwgzI0U,5
1689859891696,gQXgLfBwt88,4
1689859892414,M9WbfisskyQ,3
1689859893096,dk_4satnG4k,3
1689859893555,wyGoEYNXOMU,4
1689859895317,pLXEPkDKrAg,3
1689859895378,IA0qJskOhMk,3
1689859895577,x9xss8nU7H8,5
1689859896198,QYinNxIfbbQ,3
1689859896616,ZfCoHMOaN88,2
1689859897082,sQqwKnYt5hA,2
1689859897166,huaFMJlgmA0,2
1689859897759,BxPQsnKT6gg,3
1689859897886,s-Yfwb0DZNg,5
1689859898389,6lNOkb2Jcmk,2
1689859898568,IJNsQPz-sEY,1
1689859900079,lO_bBMNe8DQ,4
1689859900080,ysPdENXdTIY,3
1689859900616,D5-rXHhEfwE,4
1689859901554,yyAkwvWl5Gk,3
1689859902916,vE3qW7f80Ig,3
1689859903167,oh-xeUyk5hQ,3
1689859903968,0KUGj84GFNU,3
1689859904656,gsbjVRjx9QM,4
1689859906651,_vgQJAQ9fxA,3
1689859906919,EtqMgFh9RYY,2
1689859909058,qtpYUCMiDpc,5
1689859909664,LKKpKienx5M,4
1689859910013,8vEYIubzQgg,2
1689859910491,x-xmlpyo7FE,3
1689859911366,6lNOkb2Jcmk,3
1689859911984,CdlpBudPnDc,2
1689859914644,simuI3RhyFk,3
1689859916003,hQfm1Sf8ZN0,4
1689859917346,4d1kIYFCT7E,4
1689859917708,IY9u9gLHdZE,3
1689859918914,Fy_86XuWcNM,2
1689859919474,mjytivb8jWw,2
1689859919757,MCav70hTXKw,4
1689859921384,KL9L2XZSTOE,3
1689859921856,bXrINdrE1zA,3
1689859921933,P1M17G8hl1o,3
1689859922831,VY7m6NBHEXU,4
1689859923410,bQXG0q0AcOM,5
1689859926255,NjlJGAD79do,1
1689859926660,nGWkHDES9hY,3
1689859926799,Xl1dvfza2M0,3
1689859927261,2-XCQ3OuutY,3
1689859927388,TD0Gcz3Cmfc,4
1689859928273,tEtnsoZlgek,4
1689859930687,rWyoiu2rwUU,3
1689859932293,8Pj__cU_W4E,2
1689859932713,BJaSVsoUBjA,3
1689859935664,DvGkHfBm1uI,4
1689859936191,qQW21p1mtqI,2
1689859936785,g9UN8HAYTBg,3
1689859936995,EHKHbuo4qlY,4
1689859937540,i7CAuWDM1cg,5
1689859939479,dNNh9Ebb5Mw,2
1689859940289,87Skpw5SL7o,3
1689859940590,f2nH9UHudcE,3
1689859941103,ZrL4NWvH4Us,5
1689859942081,N65Ex6Bl3Ro,3
1689859943589,IeMChWSiTOM,3
1689859944248,HIa-wKpi2Ns,2
1689859944475,Xl1dvfza2M0,5
1689859944872,Y4ZMo9Bg9iQ,5
1689859945550,09ZsRZAItdg,2
1689859947835,VY7m6NBHEXU,1
1689859949874,MC0XUAXMW-E,5
1689859949946,jiLAE10-12s,4
1689859950238,S0R41rZStzc,4
1689859950398,JTUBxH9Pyjg,4
1689859950678,A6t71XEw-eE,2
1689859951746,A6t71XEw-eE,2
1689859952721,_iI3YdeGJlQ,5
1689859953843,BdHmvkbr_9Y,2
1689859954835,t-UJolT0qys,1
1689859955421,dObQiZ9OX7w,4
1689859955681,uU9NfIKWee0,5
1689859956881,I7W7lwtH1zs,3
1689859957728,sQ0-q49AG78,5
1689859958257,m6sKGoqVt_k,1
1689859959314,6zVY7THnqBU,4
1689859959728,vomYacxALd8,2
1689859961629,qtpYUCMiDpc,3
1689859962242,IteYSW1u6pI,1
1689859962479,IY9u9gLHdZE,3
1689859962532,OYz9k8qaSkE,5
1689859964825,_vgQJAQ9fxA,2
1689859965136,jvFWq53yeiA,2
1689859965558,Dw4oPsKlZcA,5
1689859965731,BdHmvkbr_9Y,3
1689859965782,nd9cz_1OlLE,4
1689859965995,5ZFvWD4Ylgk,3
1689859966598,_vgQJAQ9fxA,3
1689859966725,S_dOq7quvP0,3
1689859966778,epTI19zbw6U,4
1689859967263,5RreSkTOq30,2
1689859967670,NOUgND1F1Fs,2
1689859969482,SMd1N0As2hg,4
1689859971357,V_s7ya8IHr0,5
1689859972000,f2nH9UHudcE,5
1689859972108,ji0krGym04M,2
1689859973547,yzUg1Mk2xyI,3
1689859974592,dNNh9Ebb5Mw,2
1689859974600,ysPdENXdTIY,3
1689859974978,ft84CtqwReI,4
1689859975889,kF1XPnnkUQc,3
1689859978387,YCG-YXWfCps,5
1689859980411,QYinNxIfbbQ,2
1689859980483,2ZeqzgIJC0Q,3
1689859980749,p5rktLMXxGQ,4
1689859981900,MtIBgnn9RmM,2
1689859983508,BOZOFxaHkpc,4
1689859983594,S2gxR4_hehQ,3
1689859984661,NnkfZNrkbX8,3
1689859985641,n26KHJu4SPk,2
1689859986123,zLmyxu8FItA,2
1689859988636,I8Bxa5vla5o,4
1689859988639,-FXh2dNGLvU,4
1689859989192,Hr5ugAKA9ks,2
1689859989845,bleuyUldr60,3
1689859990475,c9qYGaIHs_I,5
1689859990893,igiMRkki4uc,4
1689859991014,SCYVddk_9o0,2
1689859991651,vomYacxALd8,2
1689859991685,3QAvVjAwnHc,2
1689859993470,0Fj34gEsrnQ,3
1689859994631,IY9u9gLHdZE,3
1689859995062,cfJMt5Q97dA,5
1689859995407,ZtZ1_mx4rtk,3
1689859997934,MtIBgnn9RmM,2
1689859998069,iiRte8nw9ig,4
1689860002946,LRAq1JRxWgk,3
1689860002968,zRzpct_PxiQ,5
1689860003805,GCol2e4ZZqI,2
1689860004792,FeZrwSVOuMk,4
1689860005009,28qDtZ929Hc,1
1689860005985,X_dzj2zkn4Q,4
1689860006238,OstxUz7jhj0,3
1689860007040,EDU50Vei3Vo,1
1689860007668,zLmyxu8FItA,5
1689860008213,S2gxR4_hehQ,4
1689860009473,FYauVwaG8L0,3
1689860009584,N4IvvYEzSnA,4
1689860011620,NrPkMvSaF80,5
1689860011668,-FXh2dNGLvU,2
1689860012438,3VATh7fQQWw,2
1689860013740,6yvE6uUtTjs,3
1689860014323,S92CtYps_tM,2
1689860015089,0KUGj84GFNU,3
1689860015093,oMC5cU85Aj0,3
1689860015840,22nRxx7iT0w,3
1689860017784,t_IdHPfKBmc,2
1689860018905,HeLB5TjNWb8,4
1689860019919,yhJ_J9aj8Cs,4
1689860020001,nx4sNfpt9Yc,4
1689860020463,D0LkqvWeJtQ,3
1689860020465,tCzKGeuVwSI,2
1689860023505,bxRGea8eGKc,5
1689860025062,BOZOFxaHkpc,5
1689860025422,dk_4satnG4k,4
1689860025972,EQa2G3pggLs,4
1689860026877,iiRte8nw9ig,4
1689860029252,RHV3VP7vZik,5
1689860030540,IA0qJskOhMk,2
1689860031446,GU7C_3yVxFE,5
1689860032802,-TO2lP0Fs9M,4
1689860035119,08r-MrgmGIM,4
1689860036530,M2c15SIn_4Y,5
1689860038214,EuLCQbi2mXs,3
1689860040328,3fnsqZYhHiI,1
1689860041437,3x-1Y2QdIqU,5
1689860041580,ysPdENXdTIY,3
1689860042284,28qDtZ929Hc,3
1689860043292,oxE46RgCyaY,2
1689860043659,iiRte8nw9ig,5
1689860044197,knv8A-tdBJA,5
1689860045137,ZtZ1_mx4rtk,5
1689860046963,yhJ_J9aj8Cs,5
1689860047732,vEOFs3D7c90,3
1689860049592,eyKkKCRFkAc,3
1689860049694,wkfd10yq3Uw,3
1689860049832,8vEYIubzQgg,2
1689860050480,2-XCQ3OuutY,3
1689860051904,6TrEHtiHCqk,4
1689860052073,G5K70nCGtxU,4
1689860052356,6q-0bJ12Rcc,5
1689860052604,941ofE5p0z4,3
1689860055090,I7W7lwtH1zs,3
1689860055122,85Nz8lvrSAY,2
1689860055143,ADjuaiUfeQE,5
1689860056288,7n8EL1MSKTU,3
1689860056412,h8hKsKcEagw,5
1689860057569,qGQOa_Hf1K8,4
1689860060483,1K7XUdu96dQ,3
1689860060644,0_sHASMNIzw,4
1689860060666,1VItmdFYU14,4
1689860063010,ot3dcx-39M0,3
1689860063053,BdHmvkbr_9Y,5
1689860063482,Npw76CUEJDU,1
1689860064629,c9qYGaIHs_I,4
1689860064650,qOlN49U2dNw,4
1689860066464,jJPmhXbgqpo,3
1689860067057,Q5HIVoCZ7NE,2
1689860067209,RIbSkdu0BaQ,5
1689860067809,ORgwueAG5mY,3
1689860068721,NjlJGAD79do,4
1689860069503,kDySvJxOHjg,2
1689860069697,KvWqHpoBJDI,3
1689860070180,U9-CFHgiVzs,2
1689860071477,RoT9gRvUKTA,5
1689860071945,6sQDRBdKNSY,3
1689860073207,HIa-wKpi2Ns,3
1689860074220,jiLAE10-12s,2
1689860074287,UNyXlFTvfiQ,2
1689860075432,CdlpBudPnDc,5
1689860075814,K7DDircnggI,5
1689860077236,HVbg9R1LKYg,2
1689860077438,Izj3N1cEur0,2
1689860077950,iouzRKuH3dQ,3
1689860080250,1tvOYD8-858,4
1689860080293,BxPQsnKT6gg,5
1689860082690,zLmyxu8FItA,5
1689860082710,RIbSkdu0BaQ,4
1689860084712,2y2OM1qd6S0,4
1689860085477,969zsF0K2aY,3
1689860086278,TAg0zFOJqjo,5
1689860087160,nGWkHDES9hY,3
1689860088172,6xgdgij2sfI,3
1689860088357,uY5rQ8pMWGU,3
1689860090317,M2c15SIn_4Y,5
1689860091682,s7dnpU_CTBo,5
1689860092274,XayIFBSoW4Q,5
1689860093044,q4A-CosM5rk,3
1689860093663,KDLHkMi0hUA,4
1689860094103,cSNd3iA1dFk,4
1689860095249,TH042kz3O4M,2
1689860095720,HtwhoQF3mu4,3
1689860095877,15dxUoMORSM,2
1689860096047,Q_W7vMo0SPI,5
1689860096186,ot3dcx-39M0,3
1689860096287,LMW2y031rkE,4
1689860096892,4i1nEd2Iobg,3
1689860098409,1gYhQ2xXxrM,4
1689860099606,ZtZ1_mx4rtk,4
1689860100347,bzl1X_Kyc84,5
1689860100390,exFBUrWEsBI,4
1689860100423,LZK9OYYc-tM,3
1689860100769,g9UN8HAYTBg,4
1689860100793,U5Yt9zAfyjU,5
1689860101050,JO3Etgrdwd4,3
1689860101120,08EbXXJVQQU,4
1689860101371,TJ0TNgjWQrw,3
1689860101702,1S8Qls8mA_E,3
1689860102853,Fy_nXJrl9ng,3
1689860103585,qGQOa_Hf1K8,3
1689860103790,Xl1dvfza2M0,5
1689860104082,6t2nULdQBJ0,1
1689860104310,KL9L2XZSTOE,3
1689860105563,LUas8jstGgc,2
1689860105643,N4IvvYEzSnA,4
1689860108312,iOIRXp44sjw,3
1689860108660,xEiZdS1HD80,5
1689860112187,n74ttx674pI,4
1689860112893,vE3qW7f80Ig,3
1689860113042,zTG-sL-y_oE,4
1689860114585,i2H55xWgvWY,2
1689860116924,jvFWq53yeiA,3
1689860118222,NehdXq52ZLg,3
1689860118301,wcNvp4V12gU,2
1689860118479,ivQCQtXhyLk,3
1689860119716,djMf__e4s3w,3
1689860119913,knv8A-tdBJA,4
1689860120349,MEN8KfYP9BQ,2
1689860122948,ot3dcx-39M0,4
1689860124815,dNNh9Ebb5Mw,4
1689860125252,CCCJ1XeGJR0,4
1689860125276,I7t5LFAHFnw,5
1689860125514,Mf4Ry-MmVFo,5
1689860125576,schgMHrzfi8,3
1689860125752,_S9Pr0bY1HE,3
1689860125986,sLEmSq0YzfY,2
1689860127146,0HW39lOedkM,4
1689860132628,ACvvN_Mt4Fg,3
1689860133509,JTUBxH9Pyjg,3
1689860133982,Wf92bipxUWA,3
1689860134480,6A2cPEUt6As,3
1689860134773,knv8A-tdBJA,3
1689860137058,s-Yfwb0DZNg,4
1689860139401,n76tuhCcTE8,2
1689860140824,zNzlAbrWU7c,5
1689860141089,q5dgKpjboRQ,3
1689860141351,nk6nxXRpP4Y,3
1689860142367,cwWrFnkScb4,1
1689860143627,IG7yYyAA0zQ,2
1689860144663,sZ52pKJexq0,4
1689860145165,odMooysJHXg,5
1689860145185,LRAq1JRxWgk,3
1689860146724,oXGFn7bN8Mc,1
1689860147514,b8A_j7tqAUY,2
1689860148172,c8bjQImx9cg,3
1689860148662,cYYvuDJtCP8,1
1689860151381,1K7XUdu96dQ,4
1689860151933,S0R41rZStzc,4
1689860152988,cwWrFnkScb4,4
1689860153293,wga2FeP4niU,5
1689860153366,3VATh7fQQWw,3
1689860154132,schgMHrzfi8,3
1689860154644,zhXmno_sTGc,2
1689860154924,fXkhFwk7nVw,2
1689860155696,5XBmyVMaKoQ,2
1689860155978,dWvP9fDZQfo,4
1689860158226,U6TQaCZBSvE,3
1689860158353,EpJ21cRXRhM,1
1689860158429,BS0RSHtTY5w,2
1689860158484,YbdnbtJsyqs,4
1689860159106,Y4OkI0TGYOg,4
1689860159493,-FXh2dNGLvU,3
1689860159761,56u2khmUlp8,4
1689860161489,MCav70hTXKw,4
1689860162073,wga2FeP4niU,4
1689860162220,66qQf0RUS98,5
1689860163079,S92CtYps_tM,3
1689860164229,4wLTS3yBpJw,2
1689860165177,sHU5k-V5sKA,3
1689860165657,56u2khmUlp8,4
1689860166381,d2I-jwWtpqE,3
1689860166577,0kP2V_PBh3w,4
1689860167173,N4SFxyGxR3s,4
1689860167304,YCG-YXWfCps,1
1689860167558,7CYOSAhFTK0,4
1689860168368,qtpYUCMiDpc,3
1689860169194,vKhj_O4FN9E,3
1689860169301,3x-1Y2QdIqU,4
1689860169369,Izj3N1cEur0,3
1689860170641,2kdUFlFtaRQ,4
1689860172332,ZrL4NWvH4Us,3
1689860172743,Yo-gPwgl5Ss,5
1689860174841,9w11SAixUA8,2
1689860176254,2-XCQ3OuutY,4
1689860176275,7n8EL1MSKTU,3
1689860176391,22nRxx7iT0w,4
1689860177437,7WUExelO8Zw,4
1689860177662,jqs-tEnTD8M,2
1689860178887,sq1jgpl2bnI,3
1689860179510,EfZFcQuSFc0,1
1689860180232,rNfV5uDPbwk,3
1689860181490,E2Z5x0Yg9ks,4
1689860182611,hkGwfZIbMZs,5
1689860182692,bUixwQnXCEQ,3
1689860184222,tvvjQw3Df4Y,5
1689860185244,ZrL4NWvH4Us,2
1689860185592,huaFMJlgmA0,1
1689860186295,uU9NfIKWee0,4
1689860187198,C7Vm2t3ksbY,3
1689860188191,syUo2x6Wyjc,3
1689860189011,6zVY7THnqBU,4
1689860189740,MQCBfZEiAJc,3
1689860189855,JhEJa23tDRQ,4
1689860189857,jfepA8mene8,3
1689860190292,eYH1Nw8sRZ4,5
1689860190828,bQXG0q0AcOM,4
1689860190857,85Nz8lvrSAY,3
1689860191773,oMC5cU85Aj0,5
1689860192328,DQQOQ4L9vKI,3
1689860194848,22nRxx7iT0w,3
1689860195140,ysPdENXdTIY,3
1689860195727,1W7VkuBl8A4,5
1689860195760,1K7XUdu96dQ,2
1689860195794,DToxxw65qss,3
1689860196203,schgMHrzfi8,3
1689860196852,HQy-nxe72Ds,4
1689860199294,oxE46RgCyaY,5
1689860200119,c1UeL7q-DcA,5
1689860200218,cfJMt5Q97dA,4
1689860200745,zmqLrEsSYIg,4
1689860201063,YbdnbtJsyqs,4
1689860201195,V9xwDKCZO9g,5
1689860201262,E6wFN9t78Yg,4
1689860202311,LZK9OYYc-tM,3
1689860204693,sLEmSq0YzfY,4
1689860205409,0BAm1xrhgzY,4
1689860208453,trnfyj6_cl0,3
1689860208738,22nRxx7iT0w,3
1689860210042,SjNVCPSE27k,4
1689860210351,8vEYIubzQgg,5
1689860211544,_iI3YdeGJlQ,4
1689860211589,fxMZG6ouE8s,3
1689860211655,PIUJLI9pFy0,4
1689860212172,CWsC3QcP5A4,4
1689860212364,0t8gsTDkNvo,4
1689860212846,AInlCnESlZ0,3
1689860213550,TQkJkU7yFCo,3
1689860213929,IG7yYyAA0zQ,5
1689860214065,7M-FRJerOQ8,5
1689860214810,huaFMJlgmA0,1
1689860215012,VbJdb5-x9H0,3
1689860216143,N4SFxyGxR3s,2
1689860217049,D5-rXHhEfwE,1
1689860217403,t4Tz4l2zOWA,4
1689860217448,CWsC3QcP5A4,5
1689860220480,BOZOFxaHkpc,5
1689860220613,TQkJkU7yFCo,3
1689860221780,S7yzDOkjrsA,2
1689860224199,BNlITGieKL0,2
1689860224231,oYhL2Lwt4P0,5
1689860224742,zLmyxu8FItA,3
1689860225132,vR4MOI7p62w,3
1689860225286,6sQDRBdKNSY,5
1689860226478,941ofE5p0z4,3
1689860226799,56u2khmUlp8,1
1689860227433,n74ttx674pI,4
1689860229793,djMf__e4s3w,2
1689860230888,8V5sEzLTw48,5
1689860230911,PFg5NgTYlsY,4
1689860230998,MQCBfZEiAJc,2
1689860231075,p7km4fGDf60,3
1689860232109,ChPWUX4_hJ0,4
1689860232319,dNNh9Ebb5Mw,4
1689860232643,fQdThpIxtuQ,1
1689860232757,EDU50Vei3Vo,4
1689860233135,I8Bxa5vla5o,4
1689860235028,b8A_j7tqAUY,2
1689860236653,5stai7QVSnI,4
1689860236812,UTYHL2PxooM,3
1689860237086,G_2iu50Kyik,3
1689860237400,exFBUrWEsBI,2
1689860237764,8biEhZ6OBhU,4
1689860239637,ZY9B6LtWtxk,3
1689860241567,557bLPBLv2g,5
1689860241631,tkhkaRCmbGI,3
1689860241847,tkhkaRCmbGI,3
1689860242732,zLmyxu8FItA,2
1689860244201,kDySvJxOHjg,5
1689860244566,dNP_YdBfZW4,4
1689860245572,V8f0r-q-1rc,3
1689860246283,pFryA-eoKjo,2
1689860246537,80NjmDAx3ms,3
1689860247084,WdWAP0nIVvo,2
1689860247495,fV6foCD5LGc,4
1689860247629,WvnUtw4OcsU,3
1689860248469,p5rktLMXxGQ,3
1689860249246,TH042kz3O4M,4
1689860250680,Q_W7vMo0SPI,3
1689860250721,RN6GQCLHpWY,3
1689860250952,FpcZ6sK9W8U,2
1689860251843,CdlpBudPnDc,2
1689860253184,NAKUf50OnKM,5
1689860254254,eyKkKCRFkAc,3
1689860255333,_gOskPm68s4,2
1689860255964,GMPlU0f09VU,4
1689860258235,HVbg9R1LKYg,3
1689860259740,E6wFN9t78Yg,3
1689860261803,TAg0zFOJqjo,5
1689860262589,N8BPDt4xJ_Y,3
1689860264180,lfCTf70FDX8,4
1689860267792,_IZrFhlsCv8,2
1689860267876,1K7XUdu96dQ,3
1689860269539,1K7XUdu96dQ,5
1689860269622,2_DT6L0PgIU,5
1689860272728,6lNOkb2Jcmk,2
1689860273060,Qc-w7_mGK8M,3
1689860273755,1gYhQ2xXxrM,5
1689860274042,87Skpw5SL7o,4
1689860274674,eU7LC_qw1Go,3
1689860277279,81aVY3o9sBE,3
1689860277477,WPEW-QVgMbs,3
1689860279847,t-UJolT0qys,1
1689860280796,28qDtZ929Hc,2
1689860280820,ot3dcx-39M0,1
1689860283836,tTalCnrlGbw,2
1689860284902,cYYvuDJtCP8,3
1689860288614,MCav70hTXKw,5
1689860289769,Pm0W_PtrNic,2
1689860291971,Mf4Ry-MmVFo,4
1689860292266,6t2nULdQBJ0,3
1689860292303,4hWRIfAxpKA,3
1689860292948,FGjPztNfDAs,2
1689860293529,JXnGLnU_0Lw,2
1689860294100,mHYaAmLFmjo,5
1689860294118,LRAq1JRxWgk,4
1689860295119,0HW39lOedkM,3
1689860295923,1GlaB21IvBw,1
1689860296097,RN6GQCLHpWY,3
1689860296209,CCCJ1XeGJR0,3
1689860298254,trnfyj6_cl0,3
1689860298603,UTYHL2PxooM,3
1689860300184,yzUg1Mk2xyI,5
1689860305664,MThxmascVCQ,5
1689860306395,uWWKOVB2JeA,4
1689860308440,MCav70hTXKw,4
1689860311968,Re0oT0W4tg0,4
1689860312414,zhXmno_sTGc,5
1689860312661,sR-7MLn_YG4,3
1689860313073,a0ZOkOmfIoA,2
1689860313948,xQxb46BBdXk,4
1689860315164,-Ub2CEvKXgQ,2
1689860315705,IeMChWSiTOM,5
1689860316892,b8A_j7tqAUY,3
1689860317339,ty8oHCdECHI,3
1689860320023,fcYJJaMJE9c,3
1689860320850,0WarKZPvT2A,3
1689860322222,KvWqHpoBJDI,3
1689860323621,2y2OM1qd6S0,4
1689860324374,cOuncc-g2Ls,3
1689860325070,7d9UXLZ4jl8,3
1689860326882,DPQuEOAvcE0,1
1689860327078,0MM3EVyypn0,3
1689860327107,FpcZ6sK9W8U,4
1689860327634,02S8eXLgLsk,4
1689860330534,eU7LC_qw1Go,5
1689860333364,NAKUf50OnKM,3
1689860333451,XFGCsV0Ff5M,2
1689860334468,zRzpct_PxiQ,4
1689860334586,hkGwfZIbMZs,2
1689860335887,fNcuNVIkaM4,5
1689860336868,A6t71XEw-eE,2
1689860338691,i2H55xWgvWY,3
1689860338818,vomYacxALd8,4
1689860340921,c2XNeki67Vs,4
1689860341379,OstxUz7jhj0,3
1689860341689,WdWAP0nIVvo,4
1689860341896,scKJtwJoozU,3
1689860342071,S0R41rZStzc,3
1689860343004,iouzRKuH3dQ,3
1689860343204,wp8Ul9siPlE,3
1689860343391,WdWAP0nIVvo,4
1689860346218,f2nH9UHudcE,3
1689860348663,xQxb46BBdXk,4
1689860353953,_FZ3B4KfFzU,4
1689860353993,eBDohJ6G8jc,5
1689860355009,22nRxx7iT0w,2
1689860355031,pFryA-eoKjo,3
1689860356640,S92CtYps_tM,5
1689860357410,wp8Ul9siPlE,3
1689860358345,Q_W7vMo0SPI,3
1689860359444,RIbSkdu0BaQ,4
1689860359757,S_dOq7quvP0,3
1689860361885,LDR8u9sGxfU,1
1689860362348,tqFkH2N2niI,4
1689860363831,2-XCQ3OuutY,4
1689860364274,BxPQsnKT6gg,4
1689860364900,wq2gXqIboWE,3
1689860368866,LMW2y031rkE,5
1689860369463,ap_BYPxQVX4,4
1689860369801,TJ0TNgjWQrw,4
1689860370320,Lclr9JIai7Y,4
1689860371110,6TrEHtiHCqk,1
1689860372641,RIt4xFFJto0,3
1689860372800,WdWAP0nIVvo,3
1689860374172,dWvP9fDZQfo,3
1689860374994,Y6kx2kLN1Bc,2
1689860376493,2_DT6L0PgIU,3
1689860378196,dk_4satnG4k,3
1689860378214,Mf4Ry-MmVFo,4
1689860378879,vKhj_O4FN9E,4
1689860380296,87Skpw5SL7o,4
1689860381400,7CYOSAhFTK0,4
1689860381473,N65Ex6Bl3Ro,3
1689860382796,969zsF0K2aY,3
1689860384554,LKKpKienx5M,5
1689860385263,_iI3YdeGJlQ,3
1689860385541,oxE46RgCyaY,5
1689860385700,n74ttx674pI,3
1689860388017,4613Iq6KaRk,4
1689860388207,VEqI0o_Gk1A,4
1689860389783,lfCTf70FDX8,3
1689860390281,C7Vm2t3ksbY,3
1689860391852,YCG-YXWfCps,1
1689860392425,cqFm_H3omJE,3
1689860393409,jJFbQZ860A4,4
1689860393752,G5K70nCGtxU,4
1689860394147,7yzto9uP3c8,4
1689860394536,3VATh7fQQWw,3
1689860397571,Qc-w7_mGK8M,3
1689860398379,g5-Zrit3XFw,3
1689860399005,TNFrgNd5Xew,4
1689860399731,JO3Etgrdwd4,3
1689860400252,BJaSVsoUBjA,4
1689860400299,JTUBxH9Pyjg,5
1689860401396,uPDkn8aW3IU,3
1689860402522,O0l4knQlvR0,4
1689860403601,s7dnpU_CTBo,2
1689860404317,XayIFBSoW4Q,3
1689860404499,38pV-QMkZNI,1
1689860404680,RN6GQCLHpWY,2
1689860406590,NAKUf50OnKM,4
1689860408089,0t8gsTDkNvo,5
1689860408977,pFryA-eoKjo,4
1689860409759,9VePeSV_FKQ,3
1689860412396,9M7W7CFNzms,4
1689860414191,R0G2DPIrcAg,3
1689860414989,WvnUtw4OcsU,3
1689860416192,c9qYGaIHs_I,5
1689860418677,oxE46RgCyaY,4
1689860418993,scKJtwJoozU,4
1689860418998,ohLIuTLXPq4,3
1689860419816,AlIE34Q9j1o,4
1689860419988,ft84CtqwReI,2
1689860420171,iiRte8nw9ig,4
1689860420292,dCd-TP0GExM,2
1689860421130,LRAq1JRxWgk,4
1689860423159,BdHmvkbr_9Y,4
1689860424354,oxE46RgCyaY,5
1689860424422,NOUgND1F1Fs,4
1689860426150,rzS9V0rUaBw,4
1689860426418,i7CAuWDM1cg,4
1689860427679,9rhqEBHzGNM,4
1689860428603,09ZsRZAItdg,4
1689860430414,bvjqDQzakfc,2
1689860432293,q4A-CosM5rk,3
1689860432297,ZfCoHMOaN88,2
1689860432729,0Ky6PfExoY8,4
1689860435518,8Ted0ZxohYk,4
1689860435552,t4Tz4l2zOWA,2
1689860436671,jcV_aCOLf1w,3
1689860436919,5ZFvWD4Ylgk,3
1689860439852,7CYOSAhFTK0,4
1689860442220,CRg8hZNUTww,2
1689860442305,E2Z5x0Yg9ks,4
1689860442684,1w_hSZcJjUI,4
1689860443731,56u2khmUlp8,5
1689860445269,7tBSTxsSuOI,4
1689860445287,4dNOXYgCKLs,3
1689860445962,jcV_aCOLf1w,4
1689860446312,BJaSVsoUBjA,3
1689860447105,nY_PG_KuyhU,3
1689860448328,UwVFUByLQPw,4
1689860449131,cYYvuDJtCP8,3
1689860451512,PFg5NgTYlsY,2
1689860452843,VhRDPIxjWiw,3
1689860454239,ZagD0lftHlo,2
1689860454808,uEL5-MaIQ6E,4
1689860457354,m6sKGoqVt_k,3
1689860458349,e3RlpolHfa4,2
1689860459690,2kdUFlFtaRQ,5
1689860460170,cSNd3iA1dFk,3
1689860460325,lfCTf70FDX8,1
1689860460562,9Xw3KI_i3XY,5
1689860460686,O0l4knQlvR0,4
1689860460814,2kdUFlFtaRQ,3
1689860460857,LAellSfsySs,3
1689860461655,9VePeSV_FKQ,5
1689860462764,U6TQaCZBSvE,3
1689860463832,MEN8KfYP9BQ,5
1689860465348,2_DT6L0PgIU,3
1689860465430,kc-KV_4VOEc,4
1689860466771,EDU50Vei3Vo,3
1689860466773,bMOkuXNI108,1
1689860467035,BdHmvkbr_9Y,2
1689860467247,iiRte8nw9ig,2
1689860468468,jvFWq53yeiA,5
1689860468889,N65Ex6Bl3Ro,3
1689860469552,g_Tm9vgSpKg,5
1689860469744,lO_bBMNe8DQ,4
1689860470212,zRzpct_PxiQ,4
1689860470438,uEL5-MaIQ6E,3
1689860470697,k7k6QwV8ELo,3
1689860471650,DDP2JxNsay0,4
1689860472282,q5dgKpjboRQ,3
1689860472393,AoVqHwHOm6Y,3
1689860476340,wRh8MJLOF6A,3
1689860476972,oxE46RgCyaY,5
1689860476983,qGQOa_Hf1K8,2
1689860478066,80NjmDAx3ms,4
1689860482867,cSNd3iA1dFk,3
1689860483908,Wf92bipxUWA,4
1689860484809,x-xmlpyo7FE,3
1689860486518,sq1jgpl2bnI,3
1689860486874,QYinNxIfbbQ,3
1689860486900,CWsC3QcP5A4,1
1689860490284,eA_GCLaCpQI,3
1689860490992,sJGexnkMC98,5
1689860491016,NOUgND1F1Fs,2
1689860491731,bzl1X_Kyc84,2
1689860491741,7M-FRJerOQ8,5
1689860492765,PFg5NgTYlsY,1
1689860493099,fV6foCD5LGc,1
1689860497105,jcV_aCOLf1w,3
1689860500459,5ZFvWD4Ylgk,3
1689860502097,_BgbEhplGwk,3
1689860502648,uU9NfIKWee0,4
1689860504046,YcOAccvSiPM,1
1689860507751,HVbg9R1LKYg,3
1689860510137,tp-2-mAe7Pk,5
1689860510476,ygA2vHTu3h4,2
1689860510533,jJFbQZ860A4,5
1689860510777,wkroxERwjsE,3
1689860510890,N-fD91aUK3c,5
1689860511271,cqFm_H3omJE,3
1689860511623,BFi6hc3MZOM,4
1689860511965,313YHO1HjuU,2
1689860512248,_vgQJAQ9fxA,3
1689860513653,-Ub2CEvKXgQ,1
1689860514004,LrKu8ZTQQr4,2
1689860514099,vClDUfrhFAk,4
1689860514173,6q-0bJ12Rcc,4
1689860514894,ty8oHCdECHI,3
1689860517217,c-2CV78j4pY,5
1689860517366,tp-2-mAe7Pk,1
1689860517374,jqs-tEnTD8M,5
1689860517646,XFGCsV0Ff5M,5
1689860517838,_Zsnfggc-nk,4
1689860519130,DToxxw65qss,3
1689860521055,RIt4xFFJto0,3
1689860522166,huaFMJlgmA0,4
1689860523893,Qc-w7_mGK8M,3
1689860524471,dWvP9fDZQfo,4
1689860524591,cYYvuDJtCP8,4
1689860525424,Y6kx2kLN1Bc,5
1689860527271,cYYvuDJtCP8,4
1689860527528,nd9cz_1OlLE,3
1689860529488,dTYDmcT5Pvw,4
1689860530278,ohLIuTLXPq4,2
1689860530541,Y4ZMo9Bg9iQ,5
1689860532002,M1oTqYhm9Q4,5
1689860532003,AoVqHwHOm6Y,3
1689860532090,VbJdb5-x9H0,4
1689860532524,5yi9CmnpEKw,3
1689860532798,wSgTkywDG-Q,2
1689860533853,hZqCv9lKpfM,3
1689860534591,iQZRMJmSN9M,1
1689860537322,15dxUoMORSM,3
1689860539302,4hWRIfAxpKA,3
1689860540082,9Xw3KI_i3XY,1
1689860540440,ADjuaiUfeQE,4
1689860540590,z_pNGhUKz78,5
1689860541421,hZqCv9lKpfM,4
1689860543251,d2I-jwWtpqE,5
1689860543252,I8Bxa5vla5o,3
1689860545149,kc-KV_4VOEc,1
1689860545771,yxJ0CPskfp0,3
1689860546566,-FXh2dNGLvU,4
1689860546816,dNP_YdBfZW4,3
1689860547005,H46VIxBopMM,5
1689860547060,ji0krGym04M,3
1689860548508,NAKUf50OnKM,3
1689860551285,Nixa2YUPp6o,3
1689860552483,schgMHrzfi8,2
1689860552543,1BzKpekzuxQ,4
1689860552713,iiRte8nw9ig,2
1689860553355,VMNJMJew2mA,4
1689860553672,fV6foCD5LGc,5
1689860553897,RN6GQCLHpWY,3
1689860554158,AInlCnESlZ0,3
1689860555882,ctadOj54W8w,2
1689860556089,bMOkuXNI108,2
1689860556114,jJPmhXbgqpo,3
1689860556833,x-xmlpyo7FE,3
1689860556982,D2dvPyxtOfo,4
1689860557112,wkroxERwjsE,2
1689860557422,n4iXSGm4gH8,5
